faiss_index,hadith_id,chunk_id
0,7564,7635
1,7565,7636
2,7566,7637
3,7567,7638
4,7568,7639
5,7569,7640
6,7570,7641
7,7571,7642
8,7572,7643
9,7573,7644
10,7574,7645
11,7575,7646
12,7576,7647
13,7577,7648
14,7578,7649
15,7579,7650
16,7580,7651
17,7581,7652
18,7582,7653
19,7583,7654
20,7584,7655
21,7585,7656
22,7586,7657
23,7587,7658
24,7588,7659
25,7589,7660
26,7590,7661
27,7591,7662
28,7592,7663
29,7593,7664
30,7594,7665
31,7595,7666
32,7596,7667
33,7597,7668
34,7598,7669
35,7599,7670
36,7600,7671
37,7601,7672
38,7602,7673
39,7603,7674
40,7604,7675
41,7605,7676
42,7606,7677
43,7607,7678
44,7608,7679
45,7609,7680
46,7610,7681
47,7611,7682
48,7612,7683
49,7613,7684
50,7614,7685
51,7615,7686
52,7616,7687
53,7617,7688
54,7618,7689
55,7619,7690
56,7620,7691
57,7621,7692
58,7622,7693
59,7623,7694
60,7624,7695
61,7625,7696
62,7626,7697
63,7627,7698
64,7628,7699
65,7629,7700
66,7630,7701
67,7631,7702
68,7632,7703
69,7633,7704
70,7634,7705
71,7635,7706
72,7636,7707
73,7637,7708
74,7638,7709
75,7639,7710
76,7640,7711
77,7641,7712
78,7642,7713
79,7643,7714
80,7644,7715
81,7645,7716
82,7646,7717
83,7647,7718
84,7648,7719
85,7649,7720
86,7650,7721
87,7651,7722
88,7652,7723
89,7653,7724
90,7654,7725
91,7655,7726
92,7656,7727
93,7657,7728
94,7658,7729
95,7659,7730
96,7660,7731
97,7661,7732
98,7662,7733
99,7663,7734
100,7664,7735
101,7665,7736
102,7666,7737
103,7667,7738
104,7668,7739
105,7669,7740
106,7670,7741
107,7671,7742
108,7672,7743
109,7673,7744
110,7674,7745
111,7675,7746
112,7676,7747
113,7677,7748
114,7678,7749
115,7679,7750
116,7680,7751
117,7681,7752
118,7682,7753
119,7683,7754
120,7684,7755
121,7685,7756
122,7686,7757
123,7687,7758
124,7688,7759
125,7689,7760
126,7690,7761
127,7691,7762
128,7692,7763
129,7693,7764
130,7694,7765
131,7695,7766
132,7696,7767
133,7697,7768
134,7698,7769
135,7699,7770
136,7700,7771
137,7701,7772
138,7702,7773
139,7703,7774
140,7704,7775
141,7705,7776
142,7706,7777
143,7707,7778
144,7708,7779
145,7709,7780
146,7710,7781
147,7711,7782
148,7712,7783
149,7713,7784
150,7714,7785
151,7715,7786
152,7716,7787
153,7717,7788
154,7718,7789
155,7719,7790
156,7720,7791
157,7721,7792
158,7722,7793
159,7723,7794
160,7724,7795
161,7725,7796
162,7726,7797
163,7727,7798
164,7728,7799
165,7729,7800
166,7730,7801
167,7731,7802
168,7732,7803
169,7733,7804
170,7734,7805
171,7735,7806
172,7736,7807
173,7737,7808
174,7738,7809
175,7739,7810
176,7740,7811
177,7741,7812
178,7742,7813
179,7743,7814
180,7744,7815
181,7745,7816
182,7746,7817
183,7747,7818
184,7748,7819
185,7749,7820
186,7750,7821
187,7751,7822
188,7752,7823
189,7753,7824
190,7754,7825
191,7755,7826
192,7756,7827
193,7757,7828
194,7758,7829
195,7759,7830
196,7760,7831
197,7761,7832
198,7762,7833
199,7763,7834
200,7764,7835
201,7765,7836
202,7766,7837
203,7767,7838
204,7768,7839
205,7769,7840
206,7770,7841
207,7771,7842
208,7772,7843
209,7773,7844
210,7774,7845
211,7775,7846
212,7776,7847
213,7777,7848
214,7778,7849
215,7779,7850
216,7780,7851
217,7781,7852
218,7782,7853
219,7783,7854
220,7784,7855
221,7785,7856
222,7786,7857
223,7787,7858
224,7788,7859
225,7789,7860
226,7790,7861
227,7791,7862
228,7792,7863
229,7793,7864
230,7794,7865
231,7795,7866
232,7796,7867
233,7797,7868
234,7798,7869
235,7799,7870
236,7800,7871
237,7801,7872
238,7802,7873
239,7803,7874
240,7804,7875
241,7805,7876
242,7806,7877
243,7807,7878
244,7808,7879
245,7809,7880
246,7810,7881
247,7811,7882
248,7812,7883
249,7813,7884
250,7814,7885
251,7815,7886
252,7816,7887
253,7817,7888
254,7818,7889
255,7819,7890
256,7820,7891
257,7821,7892
258,7822,7893
259,7823,7894
260,7824,7895
261,7825,7896
262,7826,7897
263,7827,7898
264,7828,7899
265,7829,7900
266,7830,7901
267,7831,7902
268,7832,7903
269,7833,7904
270,7834,7905
271,7835,7906
272,7836,7907
273,7837,7908
274,7838,7909
275,7839,7910
276,7840,7911
277,7841,7912
278,7842,7913
279,7843,7914
280,7844,7915
281,7845,7916
282,7846,7917
283,7847,7918
284,7848,7919
285,7849,7920
286,7850,7921
287,7851,7922
288,7852,7923
289,7853,7924
290,7854,7925
291,7855,7926
292,7856,7927
293,7857,7928
294,7858,7929
295,7859,7930
296,7860,7931
297,7861,7932
298,7862,7933
299,7863,7934
300,7864,7935
301,7865,7936
302,7866,7937
303,7867,7938
304,7868,7939
305,7869,7940
306,7870,7941
307,7871,7942
308,7872,7943
309,7873,7944
310,7874,7945
311,7875,7946
312,7876,7947
313,7877,7948
314,7878,7949
315,7879,7950
316,7880,7951
317,7881,7952
318,7882,7953
319,7883,7954
320,7884,7955
321,7885,7956
322,7886,7957
323,7887,7958
324,7888,7959
325,7889,7960
326,7890,7961
327,7891,7962
328,7892,7963
329,7893,7964
330,7894,7965
331,7895,7966
332,7896,7967
333,7897,7968
334,7898,7969
335,7899,7970
336,7900,7971
337,7901,7972
338,7902,7973
339,7903,7974
340,7904,7975
341,7905,7976
342,7906,7977
343,7907,7978
344,7908,7979
345,7909,7980
346,7910,7981
347,7911,7982
348,7912,7983
349,7913,7984
350,7914,7985
351,7915,7986
352,7916,7987
353,7917,7988
354,7918,7989
355,7919,7990
356,7920,7991
357,7921,7992
358,7922,7993
359,7923,7994
360,7924,7995
361,7925,7996
362,7926,7997
363,7927,7998
364,7928,7999
365,7929,8000
366,7930,8001
367,7931,8002
368,7932,8003
369,7933,8004
370,7934,8005
371,7935,8006
372,7936,8007
373,7937,8008
374,7938,8009
375,7939,8010
376,7940,8011
377,7941,8012
378,7942,8013
379,7943,8014
380,7944,8015
381,7945,8016
382,7946,8017
383,7947,8018
384,7948,8019
385,7949,8020
386,7950,8021
387,7951,8022
388,7952,8023
389,7953,8024
390,7954,8025
391,7955,8026
392,7956,8027
393,7957,8028
394,7958,8029
395,7959,8030
396,7960,8031
397,7961,8032
398,7962,8033
399,7963,8034
400,7964,8035
401,7965,8036
402,7966,8037
403,7967,8038
404,7968,8039
405,7969,8040
406,7970,8041
407,7971,8042
408,7972,8043
409,7973,8044
410,7974,8045
411,7975,8046
412,7976,8047
413,7977,8048
414,7978,8049
415,7979,8050
416,7980,8051
417,7981,8052
418,7982,8053
419,7983,8054
420,7984,8055
421,7985,8056
422,7986,8057
423,7987,8058
424,7988,8059
425,7989,8060
426,7990,8061
427,7991,8062
428,7992,8063
429,7993,8064
430,7994,8065
431,7995,8066
432,7996,8067
433,7997,8068
434,7998,8069
435,7999,8070
436,8000,8071
437,8001,8072
438,8002,8073
439,8003,8074
440,8004,8075
441,8005,8076
442,8006,8077
443,8007,8078
444,8008,8079
445,8009,8080
446,8010,8081
447,8011,8082
448,8012,8083
449,8013,8084
450,8014,8085
451,8015,8086
452,8016,8087
453,8017,8088
454,8018,8089
455,8019,8090
456,8020,8091
457,8021,8092
458,8022,8093
459,8023,8094
460,8024,8095
461,8025,8096
462,8026,8097
463,8027,8098
464,8028,8099
465,8029,8100
466,8030,8101
467,8031,8102
468,8032,8103
469,8033,8104
470,8034,8105
471,8035,8106
472,8036,8107
473,8037,8108
474,8038,8109
475,8039,8110
476,8040,8111
477,8041,8112
478,8042,8113
479,8043,8114
480,8044,8115
481,8045,8116
482,8046,8117
483,8047,8118
484,8048,8119
485,8049,8120
486,8050,8121
487,8051,8122
488,8052,8123
489,8053,8124
490,8054,8125
491,8055,8126
492,8056,8127
493,8057,8128
494,8058,8129
495,8059,8130
496,8060,8131
497,8061,8132
498,8062,8133
499,8063,8134
500,8064,8135
501,8065,8136
502,8066,8137
503,8067,8138
504,8068,8139
505,8069,8140
506,8070,8141
507,8071,8142
508,8072,8143
509,8073,8144
510,8074,8145
511,8075,8146
512,8076,8147
513,8077,8148
514,8078,8149
515,8079,8150
516,8080,8151
517,8081,8152
518,8082,8153
519,8083,8154
520,8084,8155
521,8085,8156
522,8086,8157
523,8087,8158
524,8088,8159
525,8089,8160
526,8090,8161
527,8091,8162
528,8092,8163
529,8093,8164
530,8094,8165
531,8095,8166
532,8096,8167
533,8097,8168
534,8098,8169
535,8099,8170
536,8100,8171
537,8101,8172
538,8102,8173
539,8103,8174
540,8104,8175
541,8105,8176
542,8106,8177
543,8107,8178
544,8108,8179
545,8109,8180
546,8110,8181
547,8111,8182
548,8112,8183
549,8113,8184
550,8114,8185
551,8115,8186
552,8116,8187
553,8117,8188
554,8118,8189
555,8119,8190
556,8120,8191
557,8121,8192
558,8122,8193
559,8123,8194
560,8124,8195
561,8125,8196
562,8126,8197
563,8127,8198
564,8128,8199
565,8129,8200
566,8130,8201
567,8131,8202
568,8132,8203
569,8133,8204
570,8134,8205
571,8135,8206
572,8136,8207
573,8137,8208
574,8138,8209
575,8139,8210
576,8140,8211
577,8141,8212
578,8142,8213
579,8143,8214
580,8144,8215
581,8145,8216
582,8146,8217
583,8147,8218
584,8148,8219
585,8149,8220
586,8150,8221
587,8151,8222
588,8152,8223
589,8153,8224
590,8154,8225
591,8155,8226
592,8156,8227
593,8157,8228
594,8158,8229
595,8159,8230
596,8160,8231
597,8161,8232
598,8162,8233
599,8163,8234
600,8164,8235
601,8165,8236
602,8166,8237
603,8167,8238
604,8168,8239
605,8169,8240
606,8170,8241
607,8171,8242
608,8172,8243
609,8173,8244
610,8174,8245
611,8175,8246
612,8176,8247
613,8177,8248
614,8178,8249
615,8179,8250
616,8180,8251
617,8181,8252
618,8182,8253
619,8183,8254
620,8184,8255
621,8185,8256
622,8186,8257
623,8187,8258
624,8188,8259
625,8189,8260
626,8190,8261
627,8191,8262
628,8192,8263
629,8193,8264
630,8194,8265
631,8195,8266
632,8196,8267
633,8197,8268
634,8198,8269
635,8199,8270
636,8200,8271
637,8201,8272
638,8202,8273
639,8203,8274
640,8204,8275
641,8205,8276
642,8206,8277
643,8207,8278
644,8208,8279
645,8209,8280
646,8210,8281
647,8211,8282
648,8212,8283
649,8213,8284
650,8214,8285
651,8215,8286
652,8216,8287
653,8217,8288
654,8218,8289
655,8219,8290
656,8220,8291
657,8221,8292
658,8222,8293
659,8223,8294
660,8224,8295
661,8225,8296
662,8226,8297
663,8227,8298
664,8228,8299
665,8229,8300
666,8230,8301
667,8231,8302
668,8232,8303
669,8233,8304
670,8234,8305
671,8235,8306
672,8236,8307
673,8237,8308
674,8238,8309
675,8239,8310
676,8240,8311
677,8241,8312
678,8242,8313
679,8243,8314
680,8244,8315
681,8245,8316
682,8246,8317
683,8247,8318
684,8248,8319
685,8249,8320
686,8250,8321
687,8251,8322
688,8252,8323
689,8253,8324
690,8254,8325
691,8255,8326
692,8256,8327
693,8257,8328
694,8258,8329
695,8259,8330
696,8260,8331
697,8261,8332
698,8262,8333
699,8263,8334
700,8264,8335
701,8265,8336
702,8266,8337
703,8267,8338
704,8268,8339
705,8269,8340
706,8270,8341
707,8271,8342
708,8272,8343
709,8273,8344
710,8274,8345
711,8275,8346
712,8276,8347
713,8277,8348
714,8278,8349
715,8279,8350
716,8280,8351
717,8281,8352
718,8282,8353
719,8283,8354
720,8284,8355
721,8285,8356
722,8286,8357
723,8287,8358
724,8288,8359
725,8289,8360
726,8290,8361
727,8291,8362
728,8292,8363
729,8293,8364
730,8294,8365
731,8295,8366
732,8296,8367
733,8297,8368
734,8298,8369
735,8299,8370
736,8300,8371
737,8301,8372
738,8302,8373
739,8303,8374
740,8304,8375
741,8305,8376
742,8306,8377
743,8307,8378
744,8308,8379
745,8309,8380
746,8310,8381
747,8311,8382
748,8312,8383
749,8313,8384
750,8314,8385
751,8315,8386
752,8316,8387
753,8317,8388
754,8318,8389
755,8319,8390
756,8320,8391
757,8321,8392
758,8322,8393
759,8323,8394
760,8324,8395
761,8325,8396
762,8326,8397
763,8327,8398
764,8328,8399
765,8329,8400
766,8330,8401
767,8331,8402
768,8332,8403
769,8333,8404
770,8334,8405
771,8335,8406
772,8336,8407
773,8337,8408
774,8338,8409
775,8339,8410
776,8340,8411
777,8341,8412
778,8342,8413
779,8343,8414
780,8344,8415
781,8345,8416
782,8346,8417
783,8347,8418
784,8348,8419
785,8349,8420
786,8350,8421
787,8351,8422
788,8352,8423
789,8353,8424
790,8354,8425
791,8355,8426
792,8356,8427
793,8357,8428
794,8358,8429
795,8359,8430
796,8360,8431
797,8361,8432
798,8362,8433
799,8363,8434
800,8364,8435
801,8365,8436
802,8366,8437
803,8367,8438
804,8368,8439
805,8369,8440
806,8370,8441
807,8371,8442
808,8372,8443
809,8373,8444
810,8374,8445
811,8375,8446
812,8376,8447
813,8377,8448
814,8378,8449
815,8379,8450
816,8380,8451
817,8381,8452
818,8382,8453
819,8383,8454
820,8384,8455
821,8385,8456
822,8386,8457
823,8387,8458
824,8388,8459
825,8389,8460
826,8390,8461
827,8391,8462
828,8392,8463
829,8393,8464
830,8394,8465
831,8395,8466
832,8396,8467
833,8397,8468
834,8398,8469
835,8399,8470
836,8400,8471
837,8401,8472
838,8402,8473
839,8403,8474
840,8404,8475
841,8405,8476
842,8406,8477
843,8407,8478
844,8408,8479
845,8409,8480
846,8410,8481
847,8411,8482
848,8412,8483
849,8413,8484
850,8414,8485
851,8415,8486
852,8416,8487
853,8417,8488
854,8418,8489
855,8419,8490
856,8420,8491
857,8421,8492
858,8422,8493
859,8423,8494
860,8424,8495
861,8425,8496
862,8426,8497
863,8427,8498
864,8428,8499
865,8429,8500
866,8430,8501
867,8431,8502
868,8432,8503
869,8433,8504
870,8434,8505
871,8435,8506
872,8436,8507
873,8437,8508
874,8438,8509
875,8439,8510
876,8440,8511
877,8441,8512
878,8442,8513
879,8443,8514
880,8444,8515
881,8445,8516
882,8446,8517
883,8447,8518
884,8448,8519
885,8449,8520
886,8450,8521
887,8451,8522
888,8452,8523
889,8453,8524
890,8454,8525
891,8455,8526
892,8456,8527
893,8457,8528
894,8458,8529
895,8459,8530
896,8460,8531
897,8461,8532
898,8462,8533
899,8463,8534
900,8464,8535
901,8465,8536
902,8466,8537
903,8467,8538
904,8468,8539
905,8469,8540
906,8470,8541
907,8471,8542
908,8472,8543
909,8473,8544
910,8474,8545
911,8475,8546
912,8476,8547
913,8477,8548
914,8478,8549
915,8479,8550
916,8480,8551
917,8481,8552
918,8482,8553
919,8483,8554
920,8484,8555
921,8485,8556
922,8486,8557
923,8487,8558
924,8488,8559
925,8489,8560
926,8490,8561
927,8491,8562
928,8492,8563
929,8493,8564
930,8494,8565
931,8495,8566
932,8496,8567
933,8497,8568
934,8498,8569
935,8499,8570
936,8500,8571
937,8501,8572
938,8502,8573
939,8503,8574
940,8504,8575
941,8505,8576
942,8506,8577
943,8507,8578
944,8508,8579
945,8509,8580
946,8510,8581
947,8511,8582
948,8512,8583
949,8513,8584
950,8514,8585
951,8515,8586
952,8516,8587
953,8517,8588
954,8518,8589
955,8519,8590
956,8520,8591
957,8521,8592
958,8522,8593
959,8523,8594
960,8524,8595
961,8525,8596
962,8526,8597
963,8527,8598
964,8528,8599
965,8529,8600
966,8530,8601
967,8531,8602
968,8532,8603
969,8533,8604
970,8534,8605
971,8535,8606
972,8536,8607
973,8537,8608
974,8538,8609
975,8539,8610
976,8540,8611
977,8541,8612
978,8542,8613
979,8543,8614
980,8544,8615
981,8545,8616
982,8546,8617
983,8547,8618
984,8548,8619
985,8549,8620
986,8550,8621
987,8551,8622
988,8552,8623
989,8553,8624
990,8554,8625
991,8555,8626
992,8556,8627
993,8557,8628
994,8558,8629
995,8559,8630
996,8560,8631
997,8561,8632
998,8562,8633
999,8563,8634
1000,8564,8635
1001,8565,8636
1002,8566,8637
1003,8567,8638
1004,8568,8639
1005,8569,8640
1006,8570,8641
1007,8571,8642
1008,8572,8643
1009,8573,8644
1010,8574,8645
1011,8575,8646
1012,8576,8647
1013,8577,8648
1014,8578,8649
1015,8579,8650
1016,8580,8651
1017,8581,8652
1018,8582,8653
1019,8583,8654
1020,8584,8655
1021,8585,8656
1022,8586,8657
1023,8587,8658
1024,8588,8659
1025,8589,8660
1026,8590,8661
1027,8591,8662
1028,8592,8663
1029,8593,8664
1030,8594,8665
1031,8595,8666
1032,8596,8667
1033,8597,8668
1034,8598,8669
1035,8599,8670
1036,8600,8671
1037,8601,8672
1038,8602,8673
1039,8603,8674
1040,8604,8675
1041,8605,8676
1042,8606,8677
1043,8607,8678
1044,8608,8679
1045,8609,8680
1046,8610,8681
1047,8611,8682
1048,8612,8683
1049,8613,8684
1050,8614,8685
1051,8615,8686
1052,8616,8687
1053,8617,8688
1054,8618,8689
1055,8619,8690
1056,8620,8691
1057,8621,8692
1058,8622,8693
1059,8623,8694
1060,8624,8695
1061,8625,8696
1062,8626,8697
1063,8627,8698
1064,8628,8699
1065,8629,8700
1066,8630,8701
1067,8631,8702
1068,8632,8703
1069,8633,8704
1070,8634,8705
1071,8635,8706
1072,8636,8707
1073,8637,8708
1074,8638,8709
1075,8639,8710
1076,8640,8711
1077,8641,8712
1078,8642,8713
1079,8643,8714
1080,8644,8715
1081,8645,8716
1082,8646,8717
1083,8647,8718
1084,8648,8719
1085,8649,8720
1086,8650,8721
1087,8651,8722
1088,8652,8723
1089,8653,8724
1090,8654,8725
1091,8655,8726
1092,8656,8727
1093,8657,8728
1094,8658,8729
1095,8659,8730
1096,8660,8731
1097,8661,8732
1098,8662,8733
1099,8663,8734
1100,8664,8735
1101,8665,8736
1102,8666,8737
1103,8667,8738
1104,8668,8739
1105,8669,8740
1106,8670,8741
1107,8671,8742
1108,8672,8743
1109,8673,8744
1110,8674,8745
1111,8675,8746
1112,8676,8747
1113,8677,8748
1114,8678,8749
1115,8679,8750
1116,8680,8751
1117,8681,8752
1118,8682,8753
1119,8683,8754
1120,8684,8755
1121,8685,8756
1122,8686,8757
1123,8687,8758
1124,8688,8759
1125,8689,8760
1126,8690,8761
1127,8691,8762
1128,8692,8763
1129,8693,8764
1130,8694,8765
1131,8695,8766
1132,8696,8767
1133,8697,8768
1134,8698,8769
1135,8699,8770
1136,8700,8771
1137,8701,8772
1138,8702,8773
1139,8703,8774
1140,8704,8775
1141,8705,8776
1142,8706,8777
1143,8707,8778
1144,8708,8779
1145,8709,8780
1146,8710,8781
1147,8711,8782
1148,8712,8783
1149,8713,8784
1150,8714,8785
1151,8715,8786
1152,8716,8787
1153,8717,8788
1154,8718,8789
1155,8719,8790
1156,8720,8791
1157,8721,8792
1158,8722,8793
1159,8723,8794
1160,8724,8795
1161,8725,8796
1162,8726,8797
1163,8727,8798
1164,8728,8799
1165,8729,8800
1166,8730,8801
1167,8731,8802
1168,8732,8803
1169,8733,8804
1170,8734,8805
1171,8735,8806
1172,8736,8807
1173,8737,8808
1174,8738,8809
1175,8739,8810
1176,8740,8811
1177,8741,8812
1178,8742,8813
1179,8743,8814
1180,8744,8815
1181,8745,8816
1182,8746,8817
1183,8747,8818
1184,8748,8819
1185,8749,8820
1186,8750,8821
1187,8751,8822
1188,8752,8823
1189,8753,8824
1190,8754,8825
1191,8755,8826
1192,8756,8827
1193,8757,8828
1194,8758,8829
1195,8759,8830
1196,8760,8831
1197,8761,8832
1198,8762,8833
1199,8763,8834
1200,8764,8835
1201,8765,8836
1202,8766,8837
1203,8767,8838
1204,8768,8839
1205,8769,8840
1206,8770,8841
1207,8771,8842
1208,8772,8843
1209,8773,8844
1210,8774,8845
1211,8775,8846
1212,8776,8847
1213,8777,8848
1214,8778,8849
1215,8779,8850
1216,8780,8851
1217,8781,8852
1218,8782,8853
1219,8783,8854
1220,8784,8855
1221,8785,8856
1222,8786,8857
1223,8787,8858
1224,8788,8859
1225,8789,8860
1226,8790,8861
1227,8791,8862
1228,8792,8863
1229,8793,8864
1230,8794,8865
1231,8795,8866
1232,8796,8867
1233,8797,8868
1234,8798,8869
1235,8799,8870
1236,8800,8871
1237,8801,8872
1238,8802,8873
1239,8803,8874
1240,8804,8875
1241,8805,8876
1242,8806,8877
1243,8807,8878
1244,8808,8879
1245,8809,8880
1246,8810,8881
1247,8811,8882
1248,8812,8883
1249,8813,8884
1250,8814,8885
1251,8815,8886
1252,8816,8887
1253,8817,8888
1254,8818,8889
1255,8819,8890
1256,8820,8891
1257,8821,8892
1258,8822,8893
1259,8823,8894
1260,8824,8895
1261,8825,8896
1262,8826,8897
1263,8827,8898
1264,8828,8899
1265,8829,8900
1266,8830,8901
1267,8831,8902
1268,8832,8903
1269,8833,8904
1270,8834,8905
1271,8835,8906
1272,8836,8907
1273,8837,8908
1274,8838,8909
1275,8839,8910
1276,8840,8911
1277,8841,8912
1278,8842,8913
1279,8843,8914
1280,8844,8915
1281,8845,8916
1282,8846,8917
1283,8847,8918
1284,8848,8919
1285,8849,8920
1286,8850,8921
1287,8851,8922
1288,8852,8923
1289,8853,8924
1290,8854,8925
1291,8855,8926
1292,8856,8927
1293,8857,8928
1294,8858,8929
1295,8859,8930
1296,8860,8931
1297,8861,8932
1298,8862,8933
1299,8863,8934
1300,8864,8935
1301,8865,8936
1302,8866,8937
1303,8867,8938
1304,8868,8939
1305,8869,8940
1306,8870,8941
1307,8871,8942
1308,8872,8943
1309,8873,8944
1310,8874,8945
1311,8875,8946
1312,8876,8947
1313,8877,8948
1314,8878,8949
1315,8879,8950
1316,8880,8951
1317,8881,8952
1318,8882,8953
1319,8883,8954
1320,8884,8955
1321,8885,8956
1322,8886,8957
1323,8887,8958
1324,8888,8959
1325,8889,8960
1326,8890,8961
1327,8891,8962
1328,8892,8963
1329,8893,8964
1330,8894,8965
1331,8895,8966
1332,8896,8967
1333,8897,8968
1334,8898,8969
1335,8899,8970
1336,8900,8971
1337,8901,8972
1338,8902,8973
1339,8903,8974
1340,8904,8975
1341,8905,8976
1342,8906,8977
1343,8907,8978
1344,8908,8979
1345,8909,8980
1346,8910,8981
1347,8911,8982
1348,8912,8983
1349,8913,8984
1350,8914,8985
1351,8915,8986
1352,8916,8987
1353,8917,8988
1354,8918,8989
1355,8919,8990
1356,8920,8991
1357,8921,8992
1358,8922,8993
1359,8923,8994
1360,8924,8995
1361,8925,8996
1362,8926,8997
1363,8927,8998
1364,8928,8999
1365,8929,9000
1366,8930,9001
1367,8931,9002
1368,8932,9003
1369,8933,9004
1370,8934,9005
1371,8935,9006
1372,8936,9007
1373,8937,9008
1374,8938,9009
1375,8939,9010
1376,8940,9011
1377,8941,9012
1378,8942,9013
1379,8943,9014
1380,8944,9015
1381,8945,9016
1382,8946,9017
1383,8947,9018
1384,8948,9019
1385,8949,9020
1386,8950,9021
1387,8951,9022
1388,8952,9023
1389,8953,9024
1390,8954,9025
1391,8955,9026
1392,8956,9027
1393,8957,9028
1394,8958,9029
1395,8959,9030
1396,8960,9031
1397,8961,9032
1398,8962,9033
1399,8963,9034
1400,8964,9035
1401,8965,9036
1402,8966,9037
1403,8967,9038
1404,8968,9039
1405,8969,9040
1406,8970,9041
1407,8971,9042
1408,8972,9043
1409,8973,9044
1410,8974,9045
1411,8975,9046
1412,8976,9047
1413,8977,9048
1414,8978,9049
1415,8979,9050
1416,8980,9051
1417,8981,9052
1418,8982,9053
1419,8983,9054
1420,8984,9055
1421,8985,9056
1422,8986,9057
1423,8987,9058
1424,8988,9059
1425,8989,9060
1426,8990,9061
1427,8991,9062
1428,8992,9063
1429,8993,9064
1430,8994,9065
1431,8995,9066
1432,8996,9067
1433,8997,9068
1434,8998,9069
1435,8999,9070
1436,9000,9071
1437,9001,9072
1438,9002,9073
1439,9003,9074
1440,9004,9075
1441,9005,9076
1442,9006,9077
1443,9007,9078
1444,9008,9079
1445,9009,9080
1446,9010,9081
1447,9011,9082
1448,9012,9083
1449,9013,9084
1450,9014,9085
1451,9015,9086
1452,9016,9087
1453,9017,9088
1454,9018,9089
1455,9019,9090
1456,9020,9091
1457,9021,9092
1458,9022,9093
1459,9023,9094
1460,9024,9095
1461,9025,9096
1462,9026,9097
1463,9027,9098
1464,9028,9099
1465,9029,9100
1466,9030,9101
1467,9031,9102
1468,9032,9103
1469,9033,9104
1470,9034,9105
1471,9035,9106
1472,9036,9107
1473,9037,9108
1474,9038,9109
1475,9039,9110
1476,9040,9111
1477,9041,9112
1478,9042,9113
1479,9043,9114
1480,9044,9115
1481,9045,9116
1482,9046,9117
1483,9047,9118
1484,9048,9119
1485,9049,9120
1486,9050,9121
1487,9051,9122
1488,9052,9123
1489,9053,9124
1490,9054,9125
1491,9055,9126
1492,9056,9127
1493,9057,9128
1494,9058,9129
1495,9059,9130
1496,9060,9131
1497,9061,9132
1498,9062,9133
1499,9063,9134
1500,9064,9135
1501,9065,9136
1502,9066,9137
1503,9067,9138
1504,9068,9139
1505,9069,9140
1506,9070,9141
1507,9071,9142
1508,9072,9143
1509,9073,9144
1510,9074,9145
1511,9075,9146
1512,9076,9147
1513,9077,9148
1514,9078,9149
1515,9079,9150
1516,9080,9151
1517,9081,9152
1518,9082,9153
1519,9083,9154
1520,9084,9155
1521,9085,9156
1522,9086,9157
1523,9087,9158
1524,9088,9159
1525,9089,9160
1526,9090,9161
1527,9091,9162
1528,9092,9163
1529,9093,9164
1530,9094,9165
1531,9095,9166
1532,9096,9167
1533,9097,9168
1534,9098,9169
1535,9099,9170
1536,9100,9171
1537,9101,9172
1538,9102,9173
1539,9103,9174
1540,9104,9175
1541,9105,9176
1542,9106,9177
1543,9107,9178
1544,9108,9179
1545,9109,9180
1546,9110,9181
1547,9111,9182
1548,9112,9183
1549,9113,9184
1550,9114,9185
1551,9115,9186
1552,9116,9187
1553,9117,9188
1554,9118,9189
1555,9119,9190
1556,9120,9191
1557,9121,9192
1558,9122,9193
1559,9123,9194
1560,9124,9195
1561,9125,9196
1562,9126,9197
1563,9127,9198
1564,9128,9199
1565,9129,9200
1566,9130,9201
1567,9131,9202
1568,9132,9203
1569,9133,9204
1570,9134,9205
1571,9135,9206
1572,9136,9207
1573,9137,9208
1574,9138,9209
1575,9139,9210
1576,9140,9211
1577,9141,9212
1578,9142,9213
1579,9143,9214
1580,9144,9215
1581,9145,9216
1582,9146,9217
1583,9147,9218
1584,9148,9219
1585,9149,9220
1586,9150,9221
1587,9151,9222
1588,9152,9223
1589,9153,9224
1590,9154,9225
1591,9155,9226
1592,9156,9227
1593,9157,9228
1594,9158,9229
1595,9159,9230
1596,9160,9231
1597,9161,9232
1598,9162,9233
1599,9163,9234
1600,9164,9235
1601,9165,9236
1602,9166,9237
1603,9167,9238
1604,9168,9239
1605,9169,9240
1606,9170,9241
1607,9171,9242
1608,9172,9243
1609,9173,9244
1610,9174,9245
1611,9175,9246
1612,9176,9247
1613,9177,9248
1614,9178,9249
1615,9179,9250
1616,9180,9251
1617,9181,9252
1618,9182,9253
1619,9183,9254
1620,9184,9255
1621,9185,9256
1622,9186,9257
1623,9187,9258
1624,9188,9259
1625,9189,9260
1626,9190,9261
1627,9191,9262
1628,9192,9263
1629,9193,9264
1630,9194,9265
1631,9195,9266
1632,9196,9267
1633,9197,9268
1634,9198,9269
1635,9199,9270
1636,9200,9271
1637,9201,9272
1638,9202,9273
1639,9203,9274
1640,9204,9275
1641,9205,9276
1642,9206,9277
1643,9207,9278
1644,9208,9279
1645,9209,9280
1646,9210,9281
1647,9211,9282
1648,9212,9283
1649,9213,9284
1650,9214,9285
1651,9215,9286
1652,9216,9287
1653,9217,9288
1654,9218,9289
1655,9219,9290
1656,9220,9291
1657,9221,9292
1658,9222,9293
1659,9223,9294
1660,9224,9295
1661,9225,9296
1662,9226,9297
1663,9227,9298
1664,9228,9299
1665,9229,9300
1666,9230,9301
1667,9231,9302
1668,9232,9303
1669,9233,9304
1670,9234,9305
1671,9235,9306
1672,9236,9307
1673,9237,9308
1674,9238,9309
1675,9239,9310
1676,9240,9311
1677,9241,9312
1678,9242,9313
1679,9243,9314
1680,9244,9315
1681,9245,9316
1682,9246,9317
1683,9247,9318
1684,9248,9319
1685,9249,9320
1686,9250,9321
1687,9251,9322
1688,9252,9323
1689,9253,9324
1690,9254,9325
1691,9255,9326
1692,9256,9327
1693,9257,9328
1694,9258,9329
1695,9259,9330
1696,9260,9331
1697,9261,9332
1698,9262,9333
1699,9263,9334
1700,9264,9335
1701,9265,9336
1702,9266,9337
1703,9267,9338
1704,9268,9339
1705,9269,9340
1706,9270,9341
1707,9271,9342
1708,9272,9343
1709,9273,9344
1710,9274,9345
1711,9275,9346
1712,9276,9347
1713,9277,9348
1714,9278,9349
1715,9279,9350
1716,9280,9351
1717,9281,9352
1718,9282,9353
1719,9283,9354
1720,9284,9355
1721,9285,9356
1722,9286,9357
1723,9287,9358
1724,9288,9359
1725,9289,9360
1726,9290,9361
1727,9291,9362
1728,9292,9363
1729,9293,9364
1730,9294,9365
1731,9295,9366
1732,9296,9367
1733,9297,9368
1734,9298,9369
1735,9299,9370
1736,9300,9371
1737,9301,9372
1738,9302,9373
1739,9303,9374
1740,9304,9375
1741,9305,9376
1742,9306,9377
1743,9307,9378
1744,9308,9379
1745,9309,9380
1746,9310,9381
1747,9311,9382
1748,9312,9383
1749,9313,9384
1750,9314,9385
1751,9315,9386
1752,9316,9387
1753,9317,9388
1754,9318,9389
1755,9319,9390
1756,9320,9391
1757,9321,9392
1758,9322,9393
1759,9323,9394
1760,9324,9395
1761,9325,9396
1762,9326,9397
1763,9327,9398
1764,9328,9399
1765,9329,9400
1766,9330,9401
1767,9331,9402
1768,9332,9403
1769,9333,9404
1770,9334,9405
1771,9335,9406
1772,9336,9407
1773,9337,9408
1774,9338,9409
1775,9339,9410
1776,9340,9411
1777,9341,9412
1778,9342,9413
1779,9343,9414
1780,9344,9415
1781,9345,9416
1782,9346,9417
1783,9347,9418
1784,9348,9419
1785,9349,9420
1786,9350,9421
1787,9351,9422
1788,9352,9423
1789,9353,9424
1790,9354,9425
1791,9355,9426
1792,9356,9427
1793,9357,9428
1794,9358,9429
1795,9359,9430
1796,9360,9431
1797,9361,9432
1798,9362,9433
1799,9363,9434
1800,9364,9435
1801,9365,9436
1802,9366,9437
1803,9367,9438
1804,9368,9439
1805,9369,9440
1806,9370,9441
1807,9371,9442
1808,9372,9443
1809,9373,9444
1810,9374,9445
1811,9375,9446
1812,9376,9447
1813,9377,9448
1814,9378,9449
1815,9379,9450
1816,9380,9451
1817,9381,9452
1818,9382,9453
1819,9383,9454
1820,9384,9455
1821,9385,9456
1822,9386,9457
1823,9387,9458
1824,9388,9459
1825,9389,9460
1826,9390,9461
1827,9391,9462
1828,9392,9463
1829,9393,9464
1830,9394,9465
1831,9395,9466
1832,9396,9467
1833,9397,9468
1834,9398,9469
1835,9399,9470
1836,9400,9471
1837,9401,9472
1838,9402,9473
1839,9403,9474
1840,9404,9475
1841,9405,9476
1842,9406,9477
1843,9407,9478
1844,9408,9479
1845,9409,9480
1846,9410,9481
1847,9411,9482
1848,9412,9483
1849,9413,9484
1850,9414,9485
1851,9415,9486
1852,9416,9487
1853,9417,9488
1854,9418,9489
1855,9419,9490
1856,9420,9491
1857,9421,9492
1858,9422,9493
1859,9423,9494
1860,9424,9495
1861,9425,9496
1862,9426,9497
1863,9427,9498
1864,9428,9499
1865,9429,9500
1866,9430,9501
1867,9431,9502
1868,9432,9503
1869,9433,9504
1870,9434,9505
1871,9435,9506
1872,9436,9507
1873,9437,9508
1874,9438,9509
1875,9439,9510
1876,9440,9511
1877,9441,9512
1878,9442,9513
1879,9443,9514
1880,9444,9515
1881,9445,9516
1882,9446,9517
1883,9447,9518
1884,9448,9519
1885,9449,9520
1886,9450,9521
1887,9451,9522
1888,9452,9523
1889,9453,9524
1890,9454,9525
1891,9455,9526
1892,9456,9527
1893,9457,9528
1894,9458,9529
1895,9459,9530
1896,9460,9531
1897,9461,9532
1898,9462,9533
1899,9463,9534
1900,9464,9535
1901,9465,9536
1902,9466,9537
1903,9467,9538
1904,9468,9539
1905,9469,9540
1906,9470,9541
1907,9471,9542
1908,9472,9543
1909,9473,9544
1910,9474,9545
1911,9475,9546
1912,9476,9547
1913,9477,9548
1914,9478,9549
1915,9479,9550
1916,9480,9551
1917,9481,9552
1918,9482,9553
1919,9483,9554
1920,9484,9555
1921,9485,9556
1922,9486,9557
1923,9487,9558
1924,9488,9559
1925,9489,9560
1926,9490,9561
1927,9491,9562
1928,9492,9563
1929,9493,9564
1930,9494,9565
1931,9495,9566
1932,9496,9567
1933,9497,9568
1934,9498,9569
1935,9499,9570
1936,9500,9571
1937,9501,9572
1938,9502,9573
1939,9503,9574
1940,9504,9575
1941,9505,9576
1942,9506,9577
1943,9507,9578
1944,9508,9579
1945,9509,9580
1946,9510,9581
1947,9511,9582
1948,9512,9583
1949,9513,9584
1950,9514,9585
1951,9515,9586
1952,9516,9587
1953,9517,9588
1954,9518,9589
1955,9519,9590
1956,9520,9591
1957,9521,9592
1958,9522,9593
1959,9523,9594
1960,9524,9595
1961,9525,9596
1962,9526,9597
1963,9527,9598
1964,9528,9599
1965,9529,9600
1966,9530,9601
1967,9531,9602
1968,9532,9603
1969,9533,9604
1970,9534,9605
1971,9535,9606
1972,9536,9607
1973,9537,9608
1974,9538,9609
1975,9539,9610
1976,9540,9611
1977,9541,9612
1978,9542,9613
1979,9543,9614
1980,9544,9615
1981,9545,9616
1982,9546,9617
1983,9547,9618
1984,9548,9619
1985,9549,9620
1986,9550,9621
1987,9551,9622
1988,9552,9623
1989,9553,9624
1990,9554,9625
1991,9555,9626
1992,9556,9627
1993,9557,9628
1994,9558,9629
1995,9559,9630
1996,9560,9631
1997,9561,9632
1998,9562,9633
1999,9563,9634
2000,9564,9635
2001,9565,9636
2002,9566,9637
2003,9567,9638
2004,9568,9639
2005,9569,9640
2006,9570,9641
2007,9571,9642
2008,9572,9643
2009,9573,9644
2010,9574,9645
2011,9575,9646
2012,9576,9647
2013,9577,9648
2014,9578,9649
2015,9579,9650
2016,9580,9651
2017,9581,9652
2018,9582,9653
2019,9583,9654
2020,9584,9655
2021,9585,9656
2022,9586,9657
2023,9587,9658
2024,9588,9659
2025,9589,9660
2026,9590,9661
2027,9591,9662
2028,9592,9663
2029,9593,9664
2030,9594,9665
2031,9595,9666
2032,9596,9667
2033,9597,9668
2034,9598,9669
2035,9599,9670
2036,9600,9671
2037,9601,9672
2038,9602,9673
2039,9603,9674
2040,9604,9675
2041,9605,9676
2042,9606,9677
2043,9607,9678
2044,9608,9679
2045,9609,9680
2046,9610,9681
2047,9611,9682
2048,9612,9683
2049,9613,9684
2050,9614,9685
2051,9615,9686
2052,9616,9687
2053,9617,9688
2054,9618,9689
2055,9619,9690
2056,9620,9691
2057,9621,9692
2058,9622,9693
2059,9623,9694
2060,9624,9695
2061,9625,9696
2062,9626,9697
2063,9627,9698
2064,9628,9699
2065,9629,9700
2066,9630,9701
2067,9631,9702
2068,9632,9703
2069,9633,9704
2070,9634,9705
2071,9635,9706
2072,9636,9707
2073,9637,9708
2074,9638,9709
2075,9639,9710
2076,9640,9711
2077,9641,9712
2078,9642,9713
2079,9643,9714
2080,9644,9715
2081,9645,9716
2082,9646,9717
2083,9647,9718
2084,9648,9719
2085,9649,9720
2086,9650,9721
2087,9651,9722
2088,9652,9723
2089,9653,9724
2090,9654,9725
2091,9655,9726
2092,9656,9727
2093,9657,9728
2094,9658,9729
2095,9659,9730
2096,9660,9731
2097,9661,9732
2098,9662,9733
2099,9663,9734
2100,9664,9735
2101,9665,9736
2102,9666,9737
2103,9667,9738
2104,9668,9739
2105,9669,9740
2106,9670,9741
2107,9671,9742
2108,9672,9743
2109,9673,9744
2110,9674,9745
2111,9675,9746
2112,9676,9747
2113,9677,9748
2114,9678,9749
2115,9679,9750
2116,9680,9751
2117,9681,9752
2118,9682,9753
2119,9683,9754
2120,9684,9755
2121,9685,9756
2122,9686,9757
2123,9687,9758
2124,9688,9759
2125,9689,9760
2126,9690,9761
2127,9691,9762
2128,9692,9763
2129,9693,9764
2130,9694,9765
2131,9695,9766
2132,9696,9767
2133,9697,9768
2134,9698,9769
2135,9699,9770
2136,9700,9771
2137,9701,9772
2138,9702,9773
2139,9703,9774
2140,9704,9775
2141,9705,9776
2142,9706,9777
2143,9707,9778
2144,9708,9779
2145,9709,9780
2146,9710,9781
2147,9711,9782
2148,9712,9783
2149,9713,9784
2150,9714,9785
2151,9715,9786
2152,9716,9787
2153,9717,9788
2154,9718,9789
2155,9719,9790
2156,9720,9791
2157,9721,9792
2158,9722,9793
2159,9723,9794
2160,9724,9795
2161,9725,9796
2162,9726,9797
2163,9727,9798
2164,9728,9799
2165,9729,9800
2166,9730,9801
2167,9731,9802
2168,9732,9803
2169,9733,9804
2170,9734,9805
2171,9735,9806
2172,9736,9807
2173,9737,9808
2174,9738,9809
2175,9739,9810
2176,9740,9811
2177,9741,9812
2178,9742,9813
2179,9743,9814
2180,9744,9815
2181,9745,9816
2182,9746,9817
2183,9747,9818
2184,9748,9819
2185,9749,9820
2186,9750,9821
2187,9751,9822
2188,9752,9823
2189,9753,9824
2190,9754,9825
2191,9755,9826
2192,9756,9827
2193,9757,9828
2194,9758,9829
2195,9759,9830
2196,9760,9831
2197,9761,9832
2198,9762,9833
2199,9763,9834
2200,9764,9835
2201,9765,9836
2202,9766,9837
2203,9767,9838
2204,9768,9839
2205,9769,9840
2206,9770,9841
2207,9771,9842
2208,9772,9843
2209,9773,9844
2210,9774,9845
2211,9775,9846
2212,9776,9847
2213,9777,9848
2214,9778,9849
2215,9779,9850
2216,9780,9851
2217,9781,9852
2218,9782,9853
2219,9783,9854
2220,9784,9855
2221,9785,9856
2222,9786,9857
2223,9787,9858
2224,9788,9859
2225,9789,9860
2226,9790,9861
2227,9791,9862
2228,9792,9863
2229,9793,9864
2230,9794,9865
2231,9795,9866
2232,9796,9867
2233,9797,9868
2234,9798,9869
2235,9799,9870
2236,9800,9871
2237,9801,9872
2238,9802,9873
2239,9803,9874
2240,9803,9875
2241,9803,9876
2242,9804,9877
2243,9805,9878
2244,9806,9879
2245,9807,9880
2246,9808,9881
2247,9809,9882
2248,9810,9883
2249,9811,9884
2250,9812,9885
2251,9813,9886
2252,9814,9887
2253,9815,9888
2254,9816,9889
2255,9817,9890
2256,9818,9891
2257,9819,9892
2258,9820,9893
2259,9821,9894
2260,9822,9895
2261,9823,9896
2262,9824,9897
2263,9825,9898
2264,9826,9899
2265,9827,9900
2266,9828,9901
2267,9829,9902
2268,9830,9903
2269,9831,9904
2270,9832,9905
2271,9833,9906
2272,9834,9907
2273,9835,9908
2274,9836,9909
2275,9837,9910
2276,9838,9911
2277,9839,9912
2278,9840,9913
2279,9841,9914
2280,9842,9915
2281,9843,9916
2282,9844,9917
2283,9845,9918
2284,9846,9919
2285,9847,9920
2286,9848,9921
2287,9849,9922
2288,9850,9923
2289,9851,9924
2290,9852,9925
2291,9853,9926
2292,9854,9927
2293,9855,9928
2294,9856,9929
2295,9857,9930
2296,9858,9931
2297,9859,9932
2298,9860,9933
2299,9861,9934
2300,9862,9935
2301,9863,9936
2302,9864,9937
2303,9865,9938
2304,9866,9939
2305,9867,9940
2306,9868,9941
2307,9869,9942
2308,9870,9943
2309,9871,9944
2310,9872,9945
2311,9873,9946
2312,9874,9947
2313,9875,9948
2314,9876,9949
2315,9877,9950
2316,9878,9951
2317,9879,9952
2318,9880,9953
2319,9881,9954
2320,9882,9955
2321,9883,9956
2322,9884,9957
2323,9885,9958
2324,9886,9959
2325,9887,9960
2326,9888,9961
2327,9889,9962
2328,9890,9963
2329,9891,9964
2330,9892,9965
2331,9893,9966
2332,9894,9967
2333,9895,9968
2334,9896,9969
2335,9897,9970
2336,9898,9971
2337,9899,9972
2338,9900,9973
2339,9901,9974
2340,9902,9975
2341,9903,9976
2342,9904,9977
2343,9905,9978
2344,9906,9979
2345,9907,9980
2346,9908,9981
2347,9909,9982
2348,9910,9983
2349,9911,9984
2350,9912,9985
2351,9913,9986
2352,9914,9987
2353,9915,9988
2354,9916,9989
2355,9917,9990
2356,9918,9991
2357,9919,9992
2358,9920,9993
2359,9921,9994
2360,9922,9995
2361,9923,9996
2362,9924,9997
2363,9925,9998
2364,9926,9999
2365,9927,10000
2366,9928,10001
2367,9929,10002
2368,9930,10003
2369,9931,10004
2370,9932,10005
2371,9933,10006
2372,9934,10007
2373,9935,10008
2374,9936,10009
2375,9937,10010
2376,9938,10011
2377,9939,10012
2378,9940,10013
2379,9941,10014
2380,9942,10015
2381,9943,10016
2382,9944,10017
2383,9945,10018
2384,9946,10019
2385,9947,10020
2386,9948,10021
2387,9949,10022
2388,9950,10023
2389,9951,10024
2390,9952,10025
2391,9953,10026
2392,9954,10027
2393,9955,10028
2394,9956,10029
2395,9957,10030
2396,9958,10031
2397,9959,10032
2398,9960,10033
2399,9961,10034
2400,9962,10035
2401,9963,10036
2402,9964,10037
2403,9965,10038
2404,9966,10039
2405,9967,10040
2406,9968,10041
2407,9969,10042
2408,9970,10043
2409,9971,10044
2410,9972,10045
2411,9973,10046
2412,9974,10047
2413,9975,10048
2414,9976,10049
2415,9977,10050
2416,9978,10051
2417,9979,10052
2418,9980,10053
2419,9981,10054
2420,9982,10055
2421,9983,10056
2422,9984,10057
2423,9985,10058
2424,9986,10059
2425,9987,10060
2426,9988,10061
2427,9989,10062
2428,9990,10063
2429,9991,10064
2430,9992,10065
2431,9993,10066
2432,9994,10067
2433,9995,10068
2434,9996,10069
2435,9997,10070
2436,9998,10071
2437,9999,10072
2438,10000,10073
2439,10001,10074
2440,10002,10075
2441,10003,10076
2442,10004,10077
2443,10005,10078
2444,10006,10079
2445,10007,10080
2446,10008,10081
2447,10009,10082
2448,10010,10083
2449,10011,10084
2450,10012,10085
2451,10013,10086
2452,10014,10087
2453,10015,10088
2454,10016,10089
2455,10017,10090
2456,10018,10091
2457,10019,10092
2458,10020,10093
2459,10021,10094
2460,10022,10095
2461,10023,10096
2462,10024,10097
2463,10025,10098
2464,10026,10099
2465,10027,10100
2466,10028,10101
2467,10029,10102
2468,10030,10103
2469,10031,10104
2470,10032,10105
2471,10033,10106
2472,10034,10107
2473,10035,10108
2474,10036,10109
2475,10037,10110
2476,10038,10111
2477,10039,10112
2478,10040,10113
2479,10041,10114
2480,10042,10115
2481,10043,10116
2482,10044,10117
2483,10045,10118
2484,10046,10119
2485,10047,10120
2486,10048,10121
2487,10049,10122
2488,10050,10123
2489,10051,10124
2490,10052,10125
2491,10053,10126
2492,10054,10127
2493,10055,10128
2494,10056,10129
2495,10057,10130
2496,10058,10131
2497,10059,10132
2498,10060,10133
2499,10061,10134
2500,10062,10135
2501,10063,10136
2502,10064,10137
2503,10065,10138
2504,10066,10139
2505,10067,10140
2506,10068,10141
2507,10069,10142
2508,10070,10143
2509,10071,10144
2510,10072,10145
2511,10073,10146
2512,10074,10147
2513,10075,10148
2514,10076,10149
2515,10077,10150
2516,10078,10151
2517,10079,10152
2518,10080,10153
2519,10081,10154
2520,10082,10155
2521,10083,10156
2522,10084,10157
2523,10085,10158
2524,10086,10159
2525,10087,10160
2526,10088,10161
2527,10089,10162
2528,10090,10163
2529,10091,10164
2530,10092,10165
2531,10093,10166
2532,10094,10167
2533,10095,10168
2534,10096,10169
2535,10097,10170
2536,10098,10171
2537,10099,10172
2538,10100,10173
2539,10101,10174
2540,10102,10175
2541,10103,10176
2542,10104,10177
2543,10105,10178
2544,10106,10179
2545,10107,10180
2546,10108,10181
2547,10109,10182
2548,10110,10183
2549,10111,10184
2550,10112,10185
2551,10113,10186
2552,10114,10187
2553,10115,10188
2554,10116,10189
2555,10117,10190
2556,10118,10191
2557,10119,10192
2558,10120,10193
2559,10121,10194
2560,10122,10195
2561,10123,10196
2562,10124,10197
2563,10125,10198
2564,10126,10199
2565,10127,10200
2566,10128,10201
2567,10129,10202
2568,10130,10203
2569,10131,10204
2570,10132,10205
2571,10133,10206
2572,10134,10207
2573,10135,10208
2574,10136,10209
2575,10137,10210
2576,10138,10211
2577,10139,10212
2578,10140,10213
2579,10141,10214
2580,10142,10215
2581,10143,10216
2582,10144,10217
2583,10145,10218
2584,10146,10219
2585,10147,10220
2586,10148,10221
2587,10149,10222
2588,10150,10223
2589,10151,10224
2590,10152,10225
2591,10153,10226
2592,10154,10227
2593,10155,10228
2594,10156,10229
2595,10157,10230
2596,10158,10231
2597,10159,10232
2598,10160,10233
2599,10161,10234
2600,10162,10235
2601,10163,10236
2602,10164,10237
2603,10165,10238
2604,10166,10239
2605,10167,10240
2606,10168,10241
2607,10169,10242
2608,10170,10243
2609,10171,10244
2610,10172,10245
2611,10173,10246
2612,10174,10247
2613,10175,10248
2614,10176,10249
2615,10177,10250
2616,10178,10251
2617,10179,10252
2618,10180,10253
2619,10181,10254
2620,10182,10255
2621,10183,10256
2622,10184,10257
2623,10185,10258
2624,10186,10259
2625,10187,10260
2626,10188,10261
2627,10189,10262
2628,10190,10263
2629,10191,10264
2630,10192,10265
2631,10193,10266
2632,10194,10267
2633,10195,10268
2634,10196,10269
2635,10197,10270
2636,10198,10271
2637,10199,10272
2638,10200,10273
2639,10201,10274
2640,10202,10275
2641,10203,10276
2642,10204,10277
2643,10205,10278
2644,10206,10279
2645,10207,10280
2646,10208,10281
2647,10209,10282
2648,10210,10283
2649,10211,10284
2650,10212,10285
2651,10213,10286
2652,10214,10287
2653,10215,10288
2654,10216,10289
2655,10217,10290
2656,10218,10291
2657,10219,10292
2658,10220,10293
2659,10221,10294
2660,10222,10295
2661,10223,10296
2662,10224,10297
2663,10225,10298
2664,10226,10299
2665,10227,10300
2666,10228,10301
2667,10229,10302
2668,10230,10303
2669,10231,10304
2670,10232,10305
2671,10233,10306
2672,10234,10307
2673,10235,10308
2674,10236,10309
2675,10237,10310
2676,10238,10311
2677,10239,10312
2678,10240,10313
2679,10241,10314
2680,10242,10315
2681,10243,10316
2682,10244,10317
2683,10245,10318
2684,10246,10319
2685,10247,10320
2686,10248,10321
2687,10249,10322
2688,10250,10323
2689,10251,10324
2690,10252,10325
2691,10253,10326
2692,10254,10327
2693,10255,10328
2694,10256,10329
2695,10257,10330
2696,10258,10331
2697,10259,10332
2698,10260,10333
2699,10261,10334
2700,10262,10335
2701,10263,10336
2702,10264,10337
2703,10265,10338
2704,10266,10339
2705,10267,10340
2706,10268,10341
2707,10269,10342
2708,10270,10343
2709,10271,10344
2710,10272,10345
2711,10273,10346
2712,10274,10347
2713,10275,10348
2714,10276,10349
2715,10277,10350
2716,10278,10351
2717,10279,10352
2718,10280,10353
2719,10281,10354
2720,10282,10355
2721,10283,10356
2722,10284,10357
2723,10285,10358
2724,10286,10359
2725,10287,10360
2726,10288,10361
2727,10289,10362
2728,10290,10363
2729,10291,10364
2730,10292,10365
2731,10293,10366
2732,10294,10367
2733,10295,10368
2734,10296,10369
2735,10297,10370
2736,10298,10371
2737,10299,10372
2738,10300,10373
2739,10301,10374
2740,10302,10375
2741,10303,10376
2742,10304,10377
2743,10305,10378
2744,10306,10379
2745,10307,10380
2746,10308,10381
2747,10309,10382
2748,10310,10383
2749,10311,10384
2750,10312,10385
2751,10313,10386
2752,10314,10387
2753,10315,10388
2754,10316,10389
2755,10317,10390
2756,10318,10391
2757,10319,10392
2758,10320,10393
2759,10321,10394
2760,10322,10395
2761,10323,10396
2762,10324,10397
2763,10325,10398
2764,10326,10399
2765,10327,10400
2766,10328,10401
2767,10329,10402
2768,10330,10403
2769,10331,10404
2770,10332,10405
2771,10333,10406
2772,10334,10407
2773,10335,10408
2774,10336,10409
2775,10337,10410
2776,10338,10411
2777,10339,10412
2778,10340,10413
2779,10341,10414
2780,10342,10415
2781,10343,10416
2782,10344,10417
2783,10345,10418
2784,10346,10419
2785,10347,10420
2786,10348,10421
2787,10349,10422
2788,10350,10423
2789,10351,10424
2790,10352,10425
2791,10353,10426
2792,10354,10427
2793,10355,10428
2794,10356,10429
2795,10357,10430
2796,10358,10431
2797,10359,10432
2798,10360,10433
2799,10361,10434
2800,10362,10435
2801,10363,10436
2802,10364,10437
2803,10365,10438
2804,10366,10439
2805,10367,10440
2806,10368,10441
2807,10369,10442
2808,10370,10443
2809,10371,10444
2810,10372,10445
2811,10373,10446
2812,10374,10447
2813,10375,10448
2814,10376,10449
2815,10377,10450
2816,10378,10451
2817,10379,10452
2818,10380,10453
2819,10381,10454
2820,10382,10455
2821,10383,10456
2822,10384,10457
2823,10385,10458
2824,10386,10459
2825,10387,10460
2826,10388,10461
2827,10389,10462
2828,10390,10463
2829,10391,10464
2830,10392,10465
2831,10393,10466
2832,10394,10467
2833,10395,10468
2834,10396,10469
2835,10397,10470
2836,10398,10471
2837,10399,10472
2838,10400,10473
2839,10401,10474
2840,10402,10475
2841,10403,10476
2842,10404,10477
2843,10405,10478
2844,10406,10479
2845,10407,10480
2846,10408,10481
2847,10409,10482
2848,10410,10483
2849,10411,10484
2850,10412,10485
2851,10413,10486
2852,10414,10487
2853,10415,10488
2854,10416,10489
2855,10417,10490
2856,10418,10491
2857,10419,10492
2858,10420,10493
2859,10421,10494
2860,10422,10495
2861,10423,10496
2862,10424,10497
2863,10425,10498
2864,10426,10499
2865,10427,10500
2866,10428,10501
2867,10429,10502
2868,10430,10503
2869,10431,10504
2870,10432,10505
2871,10433,10506
2872,10434,10507
2873,10435,10508
2874,10436,10509
2875,10437,10510
2876,10438,10511
2877,10439,10512
2878,10440,10513
2879,10441,10514
2880,10442,10515
2881,10443,10516
2882,10444,10517
2883,10445,10518
2884,10446,10519
2885,10447,10520
2886,10448,10521
2887,10449,10522
2888,10450,10523
2889,10451,10524
2890,10452,10525
2891,10453,10526
2892,10454,10527
2893,10455,10528
2894,10456,10529
2895,10457,10530
2896,10458,10531
2897,10459,10532
2898,10460,10533
2899,10461,10534
2900,10462,10535
2901,10463,10536
2902,10464,10537
2903,10465,10538
2904,10466,10539
2905,10467,10540
2906,10468,10541
2907,10469,10542
2908,10470,10543
2909,10471,10544
2910,10472,10545
2911,10473,10546
2912,10474,10547
2913,10475,10548
2914,10476,10549
2915,10477,10550
2916,10478,10551
2917,10479,10552
2918,10480,10553
2919,10481,10554
2920,10482,10555
2921,10483,10556
2922,10484,10557
2923,10485,10558
2924,10486,10559
2925,10487,10560
2926,10488,10561
2927,10489,10562
2928,10490,10563
2929,10491,10564
2930,10492,10565
2931,10493,10566
2932,10494,10567
2933,10495,10568
2934,10496,10569
2935,10497,10570
2936,10498,10571
2937,10499,10572
2938,10500,10573
2939,10501,10574
2940,10502,10575
2941,10503,10576
2942,10504,10577
2943,10505,10578
2944,10506,10579
2945,10507,10580
2946,10508,10581
2947,10509,10582
2948,10510,10583
2949,10511,10584
2950,10512,10585
2951,10513,10586
2952,10514,10587
2953,10515,10588
2954,10516,10589
2955,10517,10590
2956,10518,10591
2957,10519,10592
2958,10520,10593
2959,10521,10594
2960,10522,10595
2961,10523,10596
2962,10524,10597
2963,10525,10598
2964,10526,10599
2965,10527,10600
2966,10528,10601
2967,10529,10602
2968,10530,10603
2969,10531,10604
2970,10532,10605
2971,10533,10606
2972,10534,10607
2973,10535,10608
2974,10536,10609
2975,10537,10610
2976,10538,10611
2977,10539,10612
2978,10540,10613
2979,10541,10614
2980,10542,10615
2981,10543,10616
2982,10544,10617
2983,10545,10618
2984,10546,10619
2985,10547,10620
2986,10548,10621
2987,10549,10622
2988,10550,10623
2989,10551,10624
2990,10552,10625
2991,10553,10626
2992,10554,10627
2993,10555,10628
2994,10556,10629
2995,10557,10630
2996,10558,10631
2997,10559,10632
2998,10560,10633
2999,10561,10634
3000,10562,10635
3001,10563,10636
3002,10564,10637
3003,10565,10638
3004,10566,10639
3005,10567,10640
3006,10568,10641
3007,10569,10642
3008,10570,10643
3009,10571,10644
3010,10572,10645
3011,10573,10646
3012,10574,10647
3013,10575,10648
3014,10576,10649
3015,10577,10650
3016,10578,10651
3017,10579,10652
3018,10580,10653
3019,10581,10654
3020,10582,10655
3021,10583,10656
3022,10584,10657
3023,10585,10658
3024,10586,10659
3025,10587,10660
3026,10588,10661
3027,10589,10662
3028,10590,10663
3029,10591,10664
3030,10592,10665
3031,10593,10666
3032,10594,10667
3033,10595,10668
3034,10596,10669
3035,10597,10670
3036,10598,10671
3037,10599,10672
3038,10599,10673
3039,10599,10674
3040,10600,10675
3041,10601,10676
3042,10602,10677
3043,10603,10678
3044,10604,10679
3045,10605,10680
3046,10606,10681
3047,10607,10682
3048,10608,10683
3049,10609,10684
3050,10610,10685
3051,10611,10686
3052,10612,10687
3053,10613,10688
3054,10614,10689
3055,10615,10690
3056,10616,10691
3057,10617,10692
3058,10618,10693
3059,10619,10694
3060,10620,10695
3061,10621,10696
3062,10622,10697
3063,10623,10698
3064,10624,10699
3065,10625,10700
3066,10626,10701
3067,10627,10702
3068,10628,10703
3069,10629,10704
3070,10630,10705
3071,10631,10706
3072,10632,10707
3073,10633,10708
3074,10634,10709
3075,10635,10710
3076,10636,10711
3077,10637,10712
3078,10638,10713
3079,10639,10714
3080,10640,10715
3081,10641,10716
3082,10642,10717
3083,10643,10718
3084,10644,10719
3085,10645,10720
3086,10646,10721
3087,10647,10722
3088,10648,10723
3089,10649,10724
3090,10650,10725
3091,10651,10726
3092,10652,10727
3093,10653,10728
3094,10654,10729
3095,10655,10730
3096,10656,10731
3097,10657,10732
3098,10658,10733
3099,10659,10734
3100,10660,10735
3101,10661,10736
3102,10662,10737
3103,10663,10738
3104,10664,10739
3105,10665,10740
3106,10666,10741
3107,10667,10742
3108,10668,10743
3109,10669,10744
3110,10670,10745
3111,10671,10746
3112,10672,10747
3113,10673,10748
3114,10674,10749
3115,10675,10750
3116,10676,10751
3117,10677,10752
3118,10678,10753
3119,10679,10754
3120,10680,10755
3121,10681,10756
3122,10682,10757
3123,10683,10758
3124,10684,10759
3125,10685,10760
3126,10686,10761
3127,10687,10762
3128,10688,10763
3129,10689,10764
3130,10690,10765
3131,10691,10766
3132,10692,10767
3133,10693,10768
3134,10694,10769
3135,10695,10770
3136,10696,10771
3137,10697,10772
3138,10698,10773
3139,10699,10774
3140,10700,10775
3141,10701,10776
3142,10702,10777
3143,10703,10778
3144,10704,10779
3145,10705,10780
3146,10706,10781
3147,10707,10782
3148,10708,10783
3149,10709,10784
3150,10710,10785
3151,10711,10786
3152,10712,10787
3153,10712,10788
3154,10712,10789
3155,10713,10790
3156,10714,10791
3157,10715,10792
3158,10716,10793
3159,10717,10794
3160,10718,10795
3161,10719,10796
3162,10720,10797
3163,10721,10798
3164,10722,10799
3165,10723,10800
3166,10724,10801
3167,10725,10802
3168,10726,10803
3169,10727,10804
3170,10728,10805
3171,10729,10806
3172,10730,10807
3173,10731,10808
3174,10732,10809
3175,10733,10810
3176,10734,10811
3177,10735,10812
3178,10736,10813
3179,10737,10814
3180,10738,10815
3181,10739,10816
3182,10740,10817
3183,10741,10818
3184,10742,10819
3185,10743,10820
3186,10743,10821
3187,10743,10822
3188,10744,10823
3189,10745,10824
3190,10746,10825
3191,10747,10826
3192,10748,10827
3193,10749,10828
3194,10750,10829
3195,10751,10830
3196,10752,10831
3197,10753,10832
3198,10754,10833
3199,10755,10834
3200,10756,10835
3201,10757,10836
3202,10758,10837
3203,10759,10838
3204,10760,10839
3205,10761,10840
3206,10762,10841
3207,10763,10842
3208,10764,10843
3209,10765,10844
3210,10766,10845
3211,10767,10846
3212,10768,10847
3213,10769,10848
3214,10770,10849
3215,10771,10850
3216,10772,10851
3217,10773,10852
3218,10774,10853
3219,10775,10854
3220,10776,10855
3221,10777,10856
3222,10778,10857
3223,10779,10858
3224,10780,10859
3225,10781,10860
3226,10782,10861
3227,10783,10862
3228,10784,10863
3229,10785,10864
3230,10786,10865
3231,10787,10866
3232,10788,10867
3233,10789,10868
3234,10790,10869
3235,10791,10870
3236,10792,10871
3237,10793,10872
3238,10794,10873
3239,10795,10874
3240,10796,10875
3241,10797,10876
3242,10798,10877
3243,10799,10878
3244,10800,10879
3245,10801,10880
3246,10802,10881
3247,10803,10882
3248,10804,10883
3249,10805,10884
3250,10806,10885
3251,10807,10886
3252,10808,10887
3253,10809,10888
3254,10810,10889
3255,10811,10890
3256,10812,10891
3257,10813,10892
3258,10814,10893
3259,10815,10894
3260,10816,10895
3261,10817,10896
3262,10818,10897
3263,10819,10898
3264,10820,10899
3265,10821,10900
3266,10822,10901
3267,10823,10902
3268,10824,10903
3269,10825,10904
3270,10826,10905
3271,10827,10906
3272,10828,10907
3273,10829,10908
3274,10830,10909
3275,10831,10910
3276,10832,10911
3277,10833,10912
3278,10834,10913
3279,10835,10914
3280,10836,10915
3281,10837,10916
3282,10838,10917
3283,10839,10918
3284,10840,10919
3285,10841,10920
3286,10842,10921
3287,10843,10922
3288,10844,10923
3289,10845,10924
3290,10846,10925
3291,10847,10926
3292,10848,10927
3293,10849,10928
3294,10850,10929
3295,10851,10930
3296,10852,10931
3297,10853,10932
3298,10854,10933
3299,10855,10934
3300,10856,10935
3301,10857,10936
3302,10858,10937
3303,10859,10938
3304,10860,10939
3305,10861,10940
3306,10862,10941
3307,10863,10942
3308,10864,10943
3309,10865,10944
3310,10866,10945
3311,10867,10946
3312,10868,10947
3313,10869,10948
3314,10870,10949
3315,10871,10950
3316,10872,10951
3317,10873,10952
3318,10874,10953
3319,10875,10954
3320,10876,10955
3321,10877,10956
3322,10878,10957
3323,10879,10958
3324,10880,10959
3325,10881,10960
3326,10881,10961
3327,10881,10962
3328,10882,10963
3329,10883,10964
3330,10884,10965
3331,10885,10966
3332,10886,10967
3333,10887,10968
3334,10888,10969
3335,10889,10970
3336,10890,10971
3337,10891,10972
3338,10892,10973
3339,10893,10974
3340,10894,10975
3341,10895,10976
3342,10896,10977
3343,10897,10978
3344,10898,10979
3345,10899,10980
3346,10900,10981
3347,10901,10982
3348,10902,10983
3349,10903,10984
3350,10904,10985
3351,10905,10986
3352,10906,10987
3353,10907,10988
3354,10908,10989
3355,10909,10990
3356,10910,10991
3357,10911,10992
3358,10912,10993
3359,10913,10994
3360,10914,10995
3361,10915,10996
3362,10916,10997
3363,10917,10998
3364,10918,10999
3365,10919,11000
3366,10920,11001
3367,10921,11002
3368,10922,11003
3369,10923,11004
3370,10924,11005
3371,10925,11006
3372,10926,11007
3373,10927,11008
3374,10928,11009
3375,10929,11010
3376,10930,11011
3377,10931,11012
3378,10932,11013
3379,10933,11014
3380,10934,11015
3381,10935,11016
3382,10936,11017
3383,10937,11018
3384,10938,11019
3385,10939,11020
3386,10940,11021
3387,10941,11022
3388,10942,11023
3389,10943,11024
3390,10944,11025
3391,10945,11026
3392,10946,11027
3393,10947,11028
3394,10948,11029
3395,10949,11030
3396,10950,11031
3397,10951,11032
3398,10952,11033
3399,10953,11034
3400,10954,11035
3401,10955,11036
3402,10956,11037
3403,10957,11038
3404,10958,11039
3405,10959,11040
3406,10960,11041
3407,10961,11042
3408,10962,11043
3409,10963,11044
3410,10964,11045
3411,10965,11046
3412,10966,11047
3413,10967,11048
3414,10968,11049
3415,10969,11050
3416,10970,11051
3417,10971,11052
3418,10972,11053
3419,10973,11054
3420,10974,11055
3421,10975,11056
3422,10976,11057
3423,10977,11058
3424,10978,11059
3425,10979,11060
3426,10980,11061
3427,10981,11062
3428,10982,11063
3429,10983,11064
3430,10984,11065
3431,10985,11066
3432,10986,11067
3433,10987,11068
3434,10988,11069
3435,10989,11070
3436,10990,11071
3437,10991,11072
3438,10992,11073
3439,10993,11074
3440,10994,11075
3441,10995,11076
3442,10996,11077
3443,10997,11078
3444,10998,11079
3445,10999,11080
3446,11000,11081
3447,11001,11082
3448,11002,11083
3449,11003,11084
3450,11004,11085
3451,11005,11086
3452,11006,11087
3453,11007,11088
3454,11008,11089
3455,11009,11090
3456,11010,11091
3457,11011,11092
3458,11012,11093
3459,11013,11094
3460,11014,11095
3461,11015,11096
3462,11016,11097
3463,11017,11098
3464,11018,11099
3465,11019,11100
3466,11020,11101
3467,11021,11102
3468,11022,11103
3469,11023,11104
3470,11024,11105
3471,11025,11106
3472,11026,11107
3473,11027,11108
3474,11028,11109
3475,11029,11110
3476,11030,11111
3477,11031,11112
3478,11032,11113
3479,11033,11114
3480,11034,11115
3481,11035,11116
3482,11036,11117
3483,11037,11118
3484,11038,11119
3485,11039,11120
3486,11040,11121
3487,11041,11122
3488,11042,11123
3489,11043,11124
3490,11044,11125
3491,11045,11126
3492,11046,11127
3493,11047,11128
3494,11048,11129
3495,11049,11130
3496,11050,11131
3497,11051,11132
3498,11052,11133
3499,11053,11134
3500,11054,11135
3501,11055,11136
3502,11056,11137
3503,11057,11138
3504,11058,11139
3505,11059,11140
3506,11060,11141
3507,11061,11142
3508,11062,11143
3509,11063,11144
3510,11064,11145
3511,11065,11146
3512,11066,11147
3513,11067,11148
3514,11068,11149
3515,11069,11150
3516,11070,11151
3517,11071,11152
3518,11072,11153
3519,11073,11154
3520,11074,11155
3521,11075,11156
3522,11076,11157
3523,11077,11158
3524,11078,11159
3525,11079,11160
3526,11080,11161
3527,11081,11162
3528,11082,11163
3529,11083,11164
3530,11084,11165
3531,11085,11166
3532,11086,11167
3533,11087,11168
3534,11088,11169
3535,11089,11170
3536,11090,11171
3537,11091,11172
3538,11092,11173
3539,11093,11174
3540,11094,11175
3541,11095,11176
3542,11096,11177
3543,11097,11178
3544,11098,11179
3545,11099,11180
3546,11100,11181
3547,11101,11182
3548,11102,11183
3549,11103,11184
3550,11104,11185
3551,11105,11186
3552,11106,11187
3553,11107,11188
3554,11108,11189
3555,11109,11190
3556,11110,11191
3557,11111,11192
3558,11112,11193
3559,11113,11194
3560,11114,11195
3561,11115,11196
3562,11116,11197
3563,11117,11198
3564,11118,11199
3565,11119,11200
3566,11120,11201
3567,11121,11202
3568,11122,11203
3569,11123,11204
3570,11124,11205
3571,11125,11206
3572,11126,11207
3573,11127,11208
3574,11128,11209
3575,11129,11210
3576,11130,11211
3577,11131,11212
3578,11132,11213
3579,11133,11214
3580,11134,11215
3581,11135,11216
3582,11136,11217
3583,11137,11218
3584,11138,11219
3585,11139,11220
3586,11140,11221
3587,11141,11222
3588,11142,11223
3589,11143,11224
3590,11144,11225
3591,11145,11226
3592,11146,11227
3593,11147,11228
3594,11148,11229
3595,11149,11230
3596,11150,11231
3597,11151,11232
3598,11152,11233
3599,11153,11234
3600,11154,11235
3601,11155,11236
3602,11156,11237
3603,11157,11238
3604,11158,11239
3605,11159,11240
3606,11160,11241
3607,11161,11242
3608,11162,11243
3609,11163,11244
3610,11164,11245
3611,11165,11246
3612,11166,11247
3613,11167,11248
3614,11168,11249
3615,11169,11250
3616,11170,11251
3617,11171,11252
3618,11172,11253
3619,11173,11254
3620,11174,11255
3621,11175,11256
3622,11176,11257
3623,11177,11258
3624,11178,11259
3625,11179,11260
3626,11180,11261
3627,11181,11262
3628,11182,11263
3629,11183,11264
3630,11184,11265
3631,11185,11266
3632,11186,11267
3633,11187,11268
3634,11188,11269
3635,11189,11270
3636,11190,11271
3637,11191,11272
3638,11192,11273
3639,11193,11274
3640,11194,11275
3641,11195,11276
3642,11196,11277
3643,11197,11278
3644,11198,11279
3645,11199,11280
3646,11200,11281
3647,11201,11282
3648,11202,11283
3649,11203,11284
3650,11204,11285
3651,11205,11286
3652,11206,11287
3653,11207,11288
3654,11208,11289
3655,11209,11290
3656,11210,11291
3657,11211,11292
3658,11212,11293
3659,11213,11294
3660,11214,11295
3661,11215,11296
3662,11216,11297
3663,11217,11298
3664,11218,11299
3665,11219,11300
3666,11220,11301
3667,11221,11302
3668,11222,11303
3669,11223,11304
3670,11224,11305
3671,11225,11306
3672,11226,11307
3673,11227,11308
3674,11228,11309
3675,11229,11310
3676,11230,11311
3677,11231,11312
3678,11232,11313
3679,11233,11314
3680,11234,11315
3681,11235,11316
3682,11236,11317
3683,11237,11318
3684,11238,11319
3685,11239,11320
3686,11240,11321
3687,11241,11322
3688,11242,11323
3689,11243,11324
3690,11244,11325
3691,11245,11326
3692,11246,11327
3693,11247,11328
3694,11248,11329
3695,11249,11330
3696,11250,11331
3697,11251,11332
3698,11252,11333
3699,11253,11334
3700,11254,11335
3701,11255,11336
3702,11256,11337
3703,11257,11338
3704,11258,11339
3705,11259,11340
3706,11260,11341
3707,11261,11342
3708,11262,11343
3709,11263,11344
3710,11264,11345
3711,11265,11346
3712,11266,11347
3713,11267,11348
3714,11268,11349
3715,11269,11350
3716,11270,11351
3717,11271,11352
3718,11272,11353
3719,11273,11354
3720,11274,11355
3721,11275,11356
3722,11276,11357
3723,11277,11358
3724,11278,11359
3725,11279,11360
3726,11280,11361
3727,11281,11362
3728,11282,11363
3729,11283,11364
3730,11284,11365
3731,11285,11366
3732,11286,11367
3733,11287,11368
3734,11288,11369
3735,11289,11370
3736,11290,11371
3737,11291,11372
3738,11292,11373
3739,11293,11374
3740,11294,11375
3741,11295,11376
3742,11296,11377
3743,11297,11378
3744,11298,11379
3745,11299,11380
3746,11300,11381
3747,11301,11382
3748,11302,11383
3749,11303,11384
3750,11304,11385
3751,11305,11386
3752,11306,11387
3753,11307,11388
3754,11308,11389
3755,11309,11390
3756,11310,11391
3757,11311,11392
3758,11312,11393
3759,11313,11394
3760,11314,11395
3761,11315,11396
3762,11316,11397
3763,11317,11398
3764,11318,11399
3765,11319,11400
3766,11320,11401
3767,11321,11402
3768,11322,11403
3769,11323,11404
3770,11324,11405
3771,11325,11406
3772,11326,11407
3773,11327,11408
3774,11328,11409
3775,11329,11410
3776,11330,11411
3777,11331,11412
3778,11332,11413
3779,11333,11414
3780,11334,11415
3781,11335,11416
3782,11336,11417
3783,11337,11418
3784,11338,11419
3785,11339,11420
3786,11340,11421
3787,11341,11422
3788,11342,11423
3789,11343,11424
3790,11344,11425
3791,11345,11426
3792,11346,11427
3793,11347,11428
3794,11348,11429
3795,11349,11430
3796,11350,11431
3797,11351,11432
3798,11352,11433
3799,11353,11434
3800,11354,11435
3801,11355,11436
3802,11356,11437
3803,11357,11438
3804,11358,11439
3805,11359,11440
3806,11360,11441
3807,11361,11442
3808,11362,11443
3809,11363,11444
3810,11364,11445
3811,11365,11446
3812,11366,11447
3813,11367,11448
3814,11368,11449
3815,11369,11450
3816,11370,11451
3817,11371,11452
3818,11372,11453
3819,11373,11454
3820,11374,11455
3821,11375,11456
3822,11376,11457
3823,11377,11458
3824,11378,11459
3825,11379,11460
3826,11380,11461
3827,11381,11462
3828,11382,11463
3829,11383,11464
3830,11384,11465
3831,11385,11466
3832,11386,11467
3833,11387,11468
3834,11388,11469
3835,11389,11470
3836,11390,11471
3837,11391,11472
3838,11392,11473
3839,11393,11474
3840,11394,11475
3841,11395,11476
3842,11396,11477
3843,11397,11478
3844,11398,11479
3845,11399,11480
3846,11400,11481
3847,11401,11482
3848,11402,11483
3849,11403,11484
3850,11404,11485
3851,11405,11486
3852,11406,11487
3853,11407,11488
3854,11408,11489
3855,11409,11490
3856,11410,11491
3857,11411,11492
3858,11412,11493
3859,11413,11494
3860,11414,11495
3861,11415,11496
3862,11416,11497
3863,11417,11498
3864,11418,11499
3865,11419,11500
3866,11420,11501
3867,11421,11502
3868,11422,11503
3869,11423,11504
3870,11424,11505
3871,11425,11506
3872,11426,11507
3873,11427,11508
3874,11428,11509
3875,11429,11510
3876,11430,11511
3877,11431,11512
3878,11432,11513
3879,11433,11514
3880,11434,11515
3881,11435,11516
3882,11436,11517
3883,11437,11518
3884,11438,11519
3885,11439,11520
3886,11440,11521
3887,11441,11522
3888,11442,11523
3889,11443,11524
3890,11444,11525
3891,11445,11526
3892,11446,11527
3893,11447,11528
3894,11448,11529
3895,11449,11530
3896,11450,11531
3897,11451,11532
3898,11452,11533
3899,11453,11534
3900,11454,11535
3901,11455,11536
3902,11456,11537
3903,11457,11538
3904,11458,11539
3905,11459,11540
3906,11460,11541
3907,11461,11542
3908,11462,11543
3909,11463,11544
3910,11464,11545
3911,11465,11546
3912,11466,11547
3913,11467,11548
3914,11468,11549
3915,11469,11550
3916,11470,11551
3917,11471,11552
3918,11472,11553
3919,11473,11554
3920,11474,11555
3921,11475,11556
3922,11476,11557
3923,11477,11558
3924,11478,11559
3925,11479,11560
3926,11480,11561
3927,11481,11562
3928,11482,11563
3929,11483,11564
3930,11484,11565
3931,11485,11566
3932,11486,11567
3933,11487,11568
3934,11488,11569
3935,11489,11570
3936,11490,11571
3937,11491,11572
3938,11492,11573
3939,11493,11574
3940,11494,11575
3941,11495,11576
3942,11496,11577
3943,11497,11578
3944,11498,11579
3945,11499,11580
3946,11500,11581
3947,11501,11582
3948,11502,11583
3949,11503,11584
3950,11504,11585
3951,11505,11586
3952,11506,11587
3953,11507,11588
3954,11508,11589
3955,11509,11590
3956,11510,11591
3957,11511,11592
3958,11512,11593
3959,11513,11594
3960,11514,11595
3961,11515,11596
3962,11516,11597
3963,11517,11598
3964,11518,11599
3965,11519,11600
