faiss_index,hadith_id,chunk_id
0,7564,1
1,7565,2
2,7566,3
3,7567,4
4,7568,5
5,7569,6
6,7570,7
7,7571,8
8,7572,9
9,7573,10
10,7574,11
11,7575,12
12,7576,13
13,7577,14
14,7578,15
15,7579,16
16,7580,17
17,7581,18
18,7582,19
19,7583,20
20,7584,21
21,7585,22
22,7586,23
23,7587,24
24,7588,25
25,7589,26
26,7590,27
27,7591,28
28,7592,29
29,7593,30
30,7594,31
31,7595,32
32,7596,33
33,7597,34
34,7598,35
35,7599,36
36,7600,37
37,7601,38
38,7602,39
39,7603,40
40,7604,41
41,7605,42
42,7606,43
43,7607,44
44,7608,45
45,7609,46
46,7610,47
47,7611,48
48,7612,49
49,7613,50
50,7614,51
51,7615,52
52,7616,53
53,7617,54
54,7618,55
55,7619,56
56,7620,57
57,7621,58
58,7622,59
59,7623,60
60,7624,61
61,7625,62
62,7626,63
63,7627,64
64,7628,65
65,7629,66
66,7630,67
67,7631,68
68,7632,69
69,7633,70
70,7634,71
71,7635,72
72,7636,73
73,7637,74
74,7638,75
75,7639,76
76,7640,77
77,7641,78
78,7642,79
79,7643,80
80,7644,81
81,7645,82
82,7646,83
83,7647,84
84,7648,85
85,7649,86
86,7650,87
87,7651,88
88,7652,89
89,7653,90
90,7654,91
91,7655,92
92,7656,93
93,7657,94
94,7658,95
95,7659,96
96,7660,97
97,7661,98
98,7662,99
99,7663,100
100,7664,101
101,7665,102
102,7666,103
103,7667,104
104,7668,105
105,7669,106
106,7670,107
107,7671,108
108,7672,109
109,7673,110
110,7674,111
111,7675,112
112,7676,113
113,7677,114
114,7678,115
115,7679,116
116,7680,117
117,7681,118
118,7682,119
119,7683,120
120,7684,121
121,7685,122
122,7686,123
123,7687,124
124,7688,125
125,7689,126
126,7690,127
127,7691,128
128,7692,129
129,7693,130
130,7694,131
131,7695,132
132,7696,133
133,7697,134
134,7698,135
135,7699,136
136,7700,137
137,7701,138
138,7702,139
139,7703,140
140,7704,141
141,7705,142
142,7706,143
143,7707,144
144,7708,145
145,7709,146
146,7710,147
147,7711,148
148,7712,149
149,7713,150
150,7714,151
151,7715,152
152,7716,153
153,7717,154
154,7718,155
155,7719,156
156,7720,157
157,7721,158
158,7722,159
159,7723,160
160,7724,161
161,7725,162
162,7726,163
163,7727,164
164,7728,165
165,7729,166
166,7730,167
167,7731,168
168,7732,169
169,7733,170
170,7734,171
171,7735,172
172,7736,173
173,7737,174
174,7738,175
175,7739,176
176,7740,177
177,7741,178
178,7742,179
179,7743,180
180,7744,181
181,7745,182
182,7746,183
183,7747,184
184,7748,185
185,7749,186
186,7750,187
187,7751,188
188,7752,189
189,7753,190
190,7754,191
191,7755,192
192,7756,193
193,7757,194
194,7758,195
195,7759,196
196,7760,197
197,7761,198
198,7762,199
199,7763,200
200,7764,201
201,7765,202
202,7766,203
203,7767,204
204,7768,205
205,7769,206
206,7770,207
207,7771,208
208,7772,209
209,7773,210
210,7774,211
211,7775,212
212,7776,213
213,7777,214
214,7778,215
215,7779,216
216,7780,217
217,7781,218
218,7782,219
219,7783,220
220,7784,221
221,7785,222
222,7786,223
223,7787,224
224,7788,225
225,7789,226
226,7790,227
227,7791,228
228,7792,229
229,7793,230
230,7794,231
231,7795,232
232,7796,233
233,7797,234
234,7798,235
235,7799,236
236,7800,237
237,7801,238
238,7802,239
239,7803,240
240,7804,241
241,7805,242
242,7806,243
243,7807,244
244,7808,245
245,7809,246
246,7810,247
247,7811,248
248,7812,249
249,7813,250
250,7814,251
251,7815,252
252,7816,253
253,7817,254
254,7818,255
255,7819,256
256,7820,257
257,7821,258
258,7822,259
259,7823,260
260,7824,261
261,7825,262
262,7826,263
263,7827,264
264,7828,265
265,7829,266
266,7830,267
267,7831,268
268,7832,269
269,7833,270
270,7834,271
271,7835,272
272,7836,273
273,7837,274
274,7838,275
275,7839,276
276,7840,277
277,7841,278
278,7842,279
279,7843,280
280,7844,281
281,7845,282
282,7846,283
283,7847,284
284,7848,285
285,7849,286
286,7850,287
287,7851,288
288,7852,289
289,7853,290
290,7854,291
291,7855,292
292,7856,293
293,7857,294
294,7858,295
295,7859,296
296,7860,297
297,7861,298
298,7862,299
299,7863,300
300,7864,301
301,7865,302
302,7866,303
303,7867,304
304,7868,305
305,7869,306
306,7870,307
307,7871,308
308,7872,309
309,7873,310
310,7874,311
311,7875,312
312,7876,313
313,7877,314
314,7878,315
315,7879,316
316,7880,317
317,7881,318
318,7882,319
319,7883,320
320,7884,321
321,7885,322
322,7886,323
323,7887,324
324,7888,325
325,7889,326
326,7890,327
327,7891,328
328,7892,329
329,7893,330
330,7894,331
331,7895,332
332,7896,333
333,7897,334
334,7898,335
335,7899,336
336,7900,337
337,7901,338
338,7902,339
339,7903,340
340,7904,341
341,7905,342
342,7906,343
343,7907,344
344,7908,345
345,7909,346
346,7910,347
347,7911,348
348,7912,349
349,7913,350
350,7914,351
351,7915,352
352,7916,353
353,7917,354
354,7918,355
355,7919,356
356,7920,357
357,7921,358
358,7922,359
359,7923,360
360,7924,361
361,7925,362
362,7926,363
363,7927,364
364,7928,365
365,7929,366
366,7930,367
367,7931,368
368,7932,369
369,7933,370
370,7934,371
371,7935,372
372,7936,373
373,7937,374
374,7938,375
375,7939,376
376,7940,377
377,7941,378
378,7942,379
379,7943,380
380,7944,381
381,7945,382
382,7946,383
383,7947,384
384,7948,385
385,7949,386
386,7950,387
387,7951,388
388,7952,389
389,7953,390
390,7954,391
391,7955,392
392,7956,393
393,7957,394
394,7958,395
395,7959,396
396,7960,397
397,7961,398
398,7962,399
399,7963,400
400,7964,401
401,7965,402
402,7966,403
403,7967,404
404,7968,405
405,7969,406
406,7970,407
407,7971,408
408,7972,409
409,7973,410
410,7974,411
411,7975,412
412,7976,413
413,7977,414
414,7978,415
415,7979,416
416,7980,417
417,7981,418
418,7982,419
419,7983,420
420,7984,421
421,7985,422
422,7986,423
423,7987,424
424,7988,425
425,7989,426
426,7990,427
427,7991,428
428,7992,429
429,7993,430
430,7994,431
431,7995,432
432,7996,433
433,7997,434
434,7998,435
435,7999,436
436,8000,437
437,8001,438
438,8002,439
439,8003,440
440,8004,441
441,8005,442
442,8006,443
443,8007,444
444,8008,445
445,8009,446
446,8010,447
447,8011,448
448,8012,449
449,8013,450
450,8014,451
451,8015,452
452,8016,453
453,8017,454
454,8018,455
455,8019,456
456,8020,457
457,8021,458
458,8022,459
459,8023,460
460,8024,461
461,8025,462
462,8026,463
463,8027,464
464,8028,465
465,8029,466
466,8030,467
467,8031,468
468,8032,469
469,8033,470
470,8034,471
471,8035,472
472,8036,473
473,8037,474
474,8038,475
475,8039,476
476,8040,477
477,8041,478
478,8042,479
479,8043,480
480,8044,481
481,8045,482
482,8046,483
483,8047,484
484,8048,485
485,8049,486
486,8050,487
487,8051,488
488,8052,489
489,8053,490
490,8054,491
491,8055,492
492,8056,493
493,8057,494
494,8058,495
495,8059,496
496,8060,497
497,8061,498
498,8062,499
499,8063,500
500,8064,501
501,8065,502
502,8066,503
503,8067,504
504,8068,505
505,8069,506
506,8070,507
507,8071,508
508,8072,509
509,8073,510
510,8074,511
511,8075,512
512,8076,513
513,8077,514
514,8078,515
515,8079,516
516,8080,517
517,8081,518
518,8082,519
519,8083,520
520,8084,521
521,8085,522
522,8086,523
523,8087,524
524,8088,525
525,8089,526
526,8090,527
527,8091,528
528,8092,529
529,8093,530
530,8094,531
531,8095,532
532,8096,533
533,8097,534
534,8098,535
535,8099,536
536,8100,537
537,8101,538
538,8102,539
539,8103,540
540,8104,541
541,8105,542
542,8106,543
543,8107,544
544,8108,545
545,8109,546
546,8110,547
547,8111,548
548,8112,549
549,8113,550
550,8114,551
551,8115,552
552,8116,553
553,8117,554
554,8118,555
555,8119,556
556,8120,557
557,8121,558
558,8122,559
559,8123,560
560,8124,561
561,8125,562
562,8126,563
563,8127,564
564,8128,565
565,8129,566
566,8130,567
567,8131,568
568,8132,569
569,8133,570
570,8134,571
571,8135,572
572,8136,573
573,8137,574
574,8138,575
575,8139,576
576,8140,577
577,8141,578
578,8142,579
579,8143,580
580,8144,581
581,8145,582
582,8146,583
583,8147,584
584,8148,585
585,8149,586
586,8150,587
587,8151,588
588,8152,589
589,8153,590
590,8154,591
591,8155,592
592,8156,593
593,8157,594
594,8158,595
595,8159,596
596,8160,597
597,8161,598
598,8162,599
599,8163,600
600,8164,601
601,8165,602
602,8166,603
603,8167,604
604,8168,605
605,8169,606
606,8170,607
607,8171,608
608,8172,609
609,8173,610
610,8174,611
611,8175,612
612,8176,613
613,8177,614
614,8178,615
615,8179,616
616,8180,617
617,8181,618
618,8182,619
619,8183,620
620,8184,621
621,8185,622
622,8186,623
623,8187,624
624,8188,625
625,8189,626
626,8190,627
627,8191,628
628,8192,629
629,8193,630
630,8194,631
631,8195,632
632,8196,633
633,8197,634
634,8198,635
635,8199,636
636,8200,637
637,8201,638
638,8202,639
639,8203,640
640,8204,641
641,8205,642
642,8206,643
643,8207,644
644,8208,645
645,8209,646
646,8210,647
647,8211,648
648,8212,649
649,8213,650
650,8214,651
651,8215,652
652,8216,653
653,8217,654
654,8218,655
655,8219,656
656,8220,657
657,8221,658
658,8222,659
659,8223,660
660,8224,661
661,8225,662
662,8226,663
663,8227,664
664,8228,665
665,8229,666
666,8230,667
667,8231,668
668,8232,669
669,8233,670
670,8234,671
671,8235,672
672,8236,673
673,8237,674
674,8238,675
675,8239,676
676,8240,677
677,8241,678
678,8242,679
679,8243,680
680,8244,681
681,8245,682
682,8246,683
683,8247,684
684,8248,685
685,8249,686
686,8250,687
687,8251,688
688,8252,689
689,8253,690
690,8254,691
691,8255,692
692,8256,693
693,8257,694
694,8258,695
695,8259,696
696,8260,697
697,8261,698
698,8262,699
699,8263,700
700,8264,701
701,8265,702
702,8266,703
703,8267,704
704,8268,705
705,8269,706
706,8270,707
707,8271,708
708,8272,709
709,8273,710
710,8274,711
711,8275,712
712,8276,713
713,8277,714
714,8278,715
715,8279,716
716,8280,717
717,8281,718
718,8282,719
719,8283,720
720,8284,721
721,8285,722
722,8286,723
723,8287,724
724,8288,725
725,8289,726
726,8290,727
727,8291,728
728,8292,729
729,8293,730
730,8294,731
731,8295,732
732,8296,733
733,8297,734
734,8298,735
735,8299,736
736,8300,737
737,8301,738
738,8302,739
739,8303,740
740,8304,741
741,8305,742
742,8306,743
743,8307,744
744,8308,745
745,8309,746
746,8310,747
747,8311,748
748,8312,749
749,8313,750
750,8314,751
751,8315,752
752,8316,753
753,8317,754
754,8318,755
755,8319,756
756,8320,757
757,8321,758
758,8322,759
759,8323,760
760,8324,761
761,8325,762
762,8326,763
763,8327,764
764,8328,765
765,8329,766
766,8330,767
767,8331,768
768,8332,769
769,8333,770
770,8334,771
771,8335,772
772,8336,773
773,8337,774
774,8338,775
775,8339,776
776,8340,777
777,8341,778
778,8342,779
779,8343,780
780,8344,781
781,8345,782
782,8346,783
783,8347,784
784,8348,785
785,8349,786
786,8350,787
787,8351,788
788,8352,789
789,8353,790
790,8354,791
791,8355,792
792,8356,793
793,8357,794
794,8358,795
795,8359,796
796,8360,797
797,8361,798
798,8362,799
799,8363,800
800,8364,801
801,8365,802
802,8366,803
803,8367,804
804,8368,805
805,8369,806
806,8370,807
807,8371,808
808,8372,809
809,8373,810
810,8374,811
811,8375,812
812,8376,813
813,8377,814
814,8378,815
815,8379,816
816,8380,817
817,8381,818
818,8382,819
819,8383,820
820,8384,821
821,8385,822
822,8386,823
823,8387,824
824,8388,825
825,8389,826
826,8390,827
827,8391,828
828,8392,829
829,8393,830
830,8394,831
831,8395,832
832,8396,833
833,8397,834
834,8398,835
835,8399,836
836,8400,837
837,8401,838
838,8402,839
839,8403,840
840,8404,841
841,8405,842
842,8406,843
843,8407,844
844,8408,845
845,8409,846
846,8410,847
847,8411,848
848,8412,849
849,8413,850
850,8414,851
851,8415,852
852,8416,853
853,8417,854
854,8418,855
855,8419,856
856,8420,857
857,8421,858
858,8422,859
859,8423,860
860,8424,861
861,8425,862
862,8426,863
863,8427,864
864,8428,865
865,8429,866
866,8430,867
867,8431,868
868,8432,869
869,8433,870
870,8434,871
871,8435,872
872,8436,873
873,8437,874
874,8438,875
875,8439,876
876,8440,877
877,8441,878
878,8442,879
879,8443,880
880,8444,881
881,8445,882
882,8446,883
883,8447,884
884,8448,885
885,8449,886
886,8450,887
887,8451,888
888,8452,889
889,8453,890
890,8454,891
891,8455,892
892,8456,893
893,8457,894
894,8458,895
895,8459,896
896,8460,897
897,8461,898
898,8462,899
899,8463,900
900,8464,901
901,8465,902
902,8466,903
903,8467,904
904,8468,905
905,8469,906
906,8470,907
907,8471,908
908,8472,909
909,8473,910
910,8474,911
911,8475,912
912,8476,913
913,8477,914
914,8478,915
915,8479,916
916,8480,917
917,8481,918
918,8482,919
919,8483,920
920,8484,921
921,8485,922
922,8486,923
923,8487,924
924,8488,925
925,8489,926
926,8490,927
927,8491,928
928,8492,929
929,8493,930
930,8494,931
931,8495,932
932,8496,933
933,8497,934
934,8498,935
935,8499,936
936,8500,937
937,8501,938
938,8502,939
939,8503,940
940,8504,941
941,8505,942
942,8506,943
943,8507,944
944,8508,945
945,8509,946
946,8510,947
947,8511,948
948,8512,949
949,8513,950
950,8514,951
951,8515,952
952,8516,953
953,8517,954
954,8518,955
955,8519,956
956,8520,957
957,8521,958
958,8522,959
959,8523,960
960,8524,961
961,8525,962
962,8526,963
963,8527,964
964,8528,965
965,8529,966
966,8530,967
967,8531,968
968,8532,969
969,8533,970
970,8534,971
971,8535,972
972,8536,973
973,8537,974
974,8538,975
975,8539,976
976,8540,977
977,8541,978
978,8542,979
979,8543,980
980,8544,981
981,8545,982
982,8546,983
983,8547,984
984,8548,985
985,8549,986
986,8550,987
987,8551,988
988,8552,989
989,8553,990
990,8554,991
991,8555,992
992,8556,993
993,8557,994
994,8558,995
995,8559,996
996,8560,997
997,8561,998
998,8562,999
999,8563,1000
1000,8564,1001
1001,8565,1002
1002,8566,1003
1003,8567,1004
1004,8568,1005
1005,8569,1006
1006,8570,1007
1007,8571,1008
1008,8572,1009
1009,8573,1010
1010,8574,1011
1011,8575,1012
1012,8576,1013
1013,8577,1014
1014,8578,1015
1015,8579,1016
1016,8580,1017
1017,8581,1018
1018,8582,1019
1019,8583,1020
1020,8584,1021
1021,8585,1022
1022,8586,1023
1023,8587,1024
1024,8588,1025
1025,8589,1026
1026,8590,1027
1027,8591,1028
1028,8592,1029
1029,8593,1030
1030,8594,1031
1031,8595,1032
1032,8596,1033
1033,8597,1034
1034,8598,1035
1035,8599,1036
1036,8600,1037
1037,8601,1038
1038,8602,1039
1039,8603,1040
1040,8604,1041
1041,8605,1042
1042,8606,1043
1043,8607,1044
1044,8608,1045
1045,8609,1046
1046,8610,1047
1047,8611,1048
1048,8612,1049
1049,8613,1050
1050,8614,1051
1051,8615,1052
1052,8616,1053
1053,8617,1054
1054,8618,1055
1055,8619,1056
1056,8620,1057
1057,8621,1058
1058,8622,1059
1059,8623,1060
1060,8624,1061
1061,8625,1062
1062,8626,1063
1063,8627,1064
1064,8628,1065
1065,8629,1066
1066,8630,1067
1067,8631,1068
1068,8632,1069
1069,8633,1070
1070,8634,1071
1071,8635,1072
1072,8636,1073
1073,8637,1074
1074,8638,1075
1075,8639,1076
1076,8640,1077
1077,8641,1078
1078,8642,1079
1079,8643,1080
1080,8644,1081
1081,8645,1082
1082,8646,1083
1083,8647,1084
1084,8648,1085
1085,8649,1086
1086,8650,1087
1087,8651,1088
1088,8652,1089
1089,8653,1090
1090,8654,1091
1091,8655,1092
1092,8656,1093
1093,8657,1094
1094,8658,1095
1095,8659,1096
1096,8660,1097
1097,8661,1098
1098,8662,1099
1099,8663,1100
1100,8664,1101
1101,8665,1102
1102,8666,1103
1103,8667,1104
1104,8668,1105
1105,8669,1106
1106,8670,1107
1107,8671,1108
1108,8672,1109
1109,8673,1110
1110,8674,1111
1111,8675,1112
1112,8676,1113
1113,8677,1114
1114,8678,1115
1115,8679,1116
1116,8680,1117
1117,8681,1118
1118,8682,1119
1119,8683,1120
1120,8684,1121
1121,8685,1122
1122,8686,1123
1123,8687,1124
1124,8688,1125
1125,8689,1126
1126,8690,1127
1127,8691,1128
1128,8692,1129
1129,8693,1130
1130,8694,1131
1131,8695,1132
1132,8696,1133
1133,8697,1134
1134,8698,1135
1135,8699,1136
1136,8700,1137
1137,8701,1138
1138,8702,1139
1139,8703,1140
1140,8704,1141
1141,8705,1142
1142,8706,1143
1143,8707,1144
1144,8708,1145
1145,8709,1146
1146,8710,1147
1147,8711,1148
1148,8712,1149
1149,8713,1150
1150,8714,1151
1151,8715,1152
1152,8716,1153
1153,8717,1154
1154,8718,1155
1155,8719,1156
1156,8720,1157
1157,8721,1158
1158,8722,1159
1159,8723,1160
1160,8724,1161
1161,8725,1162
1162,8726,1163
1163,8727,1164
1164,8728,1165
1165,8729,1166
1166,8730,1167
1167,8731,1168
1168,8732,1169
1169,8733,1170
1170,8734,1171
1171,8735,1172
1172,8736,1173
1173,8737,1174
1174,8738,1175
1175,8739,1176
1176,8740,1177
1177,8741,1178
1178,8742,1179
1179,8743,1180
1180,8744,1181
1181,8745,1182
1182,8746,1183
1183,8747,1184
1184,8748,1185
1185,8749,1186
1186,8750,1187
1187,8751,1188
1188,8752,1189
1189,8753,1190
1190,8754,1191
1191,8755,1192
1192,8756,1193
1193,8757,1194
1194,8758,1195
1195,8759,1196
1196,8760,1197
1197,8761,1198
1198,8762,1199
1199,8763,1200
1200,8764,1201
1201,8765,1202
1202,8766,1203
1203,8767,1204
1204,8768,1205
1205,8769,1206
1206,8770,1207
1207,8771,1208
1208,8772,1209
1209,8773,1210
1210,8774,1211
1211,8775,1212
1212,8776,1213
1213,8777,1214
1214,8778,1215
1215,8779,1216
1216,8780,1217
1217,8781,1218
1218,8782,1219
1219,8783,1220
1220,8784,1221
1221,8785,1222
1222,8786,1223
1223,8787,1224
1224,8788,1225
1225,8789,1226
1226,8790,1227
1227,8791,1228
1228,8792,1229
1229,8793,1230
1230,8794,1231
1231,8795,1232
1232,8796,1233
1233,8797,1234
1234,8798,1235
1235,8799,1236
1236,8800,1237
1237,8801,1238
1238,8802,1239
1239,8803,1240
1240,8804,1241
1241,8805,1242
1242,8806,1243
1243,8807,1244
1244,8808,1245
1245,8809,1246
1246,8810,1247
1247,8811,1248
1248,8812,1249
1249,8813,1250
1250,8814,1251
1251,8815,1252
1252,8816,1253
1253,8817,1254
1254,8818,1255
1255,8819,1256
1256,8820,1257
1257,8821,1258
1258,8822,1259
1259,8823,1260
1260,8824,1261
1261,8825,1262
1262,8826,1263
1263,8827,1264
1264,8828,1265
1265,8829,1266
1266,8830,1267
1267,8831,1268
1268,8832,1269
1269,8833,1270
1270,8834,1271
1271,8835,1272
1272,8836,1273
1273,8837,1274
1274,8838,1275
1275,8839,1276
1276,8840,1277
1277,8841,1278
1278,8842,1279
1279,8843,1280
1280,8844,1281
1281,8845,1282
1282,8846,1283
1283,8847,1284
1284,8848,1285
1285,8849,1286
1286,8850,1287
1287,8851,1288
1288,8852,1289
1289,8853,1290
1290,8854,1291
1291,8855,1292
1292,8856,1293
1293,8857,1294
1294,8858,1295
1295,8859,1296
1296,8860,1297
1297,8861,1298
1298,8862,1299
1299,8863,1300
1300,8864,1301
1301,8865,1302
1302,8866,1303
1303,8867,1304
1304,8868,1305
1305,8869,1306
1306,8870,1307
1307,8871,1308
1308,8872,1309
1309,8873,1310
1310,8874,1311
1311,8875,1312
1312,8876,1313
1313,8877,1314
1314,8878,1315
1315,8879,1316
1316,8880,1317
1317,8881,1318
1318,8882,1319
1319,8883,1320
1320,8884,1321
1321,8885,1322
1322,8886,1323
1323,8887,1324
1324,8888,1325
1325,8889,1326
1326,8890,1327
1327,8891,1328
1328,8892,1329
1329,8893,1330
1330,8894,1331
1331,8895,1332
1332,8896,1333
1333,8897,1334
1334,8898,1335
1335,8899,1336
1336,8900,1337
1337,8901,1338
1338,8902,1339
1339,8903,1340
1340,8904,1341
1341,8905,1342
1342,8906,1343
1343,8907,1344
1344,8908,1345
1345,8909,1346
1346,8910,1347
1347,8911,1348
1348,8912,1349
1349,8913,1350
1350,8914,1351
1351,8915,1352
1352,8916,1353
1353,8917,1354
1354,8918,1355
1355,8919,1356
1356,8920,1357
1357,8921,1358
1358,8922,1359
1359,8923,1360
1360,8924,1361
1361,8925,1362
1362,8926,1363
1363,8927,1364
1364,8928,1365
1365,8929,1366
1366,8930,1367
1367,8931,1368
1368,8932,1369
1369,8933,1370
1370,8934,1371
1371,8935,1372
1372,8936,1373
1373,8937,1374
1374,8938,1375
1375,8939,1376
1376,8940,1377
1377,8941,1378
1378,8942,1379
1379,8943,1380
1380,8944,1381
1381,8945,1382
1382,8946,1383
1383,8947,1384
1384,8948,1385
1385,8949,1386
1386,8950,1387
1387,8951,1388
1388,8952,1389
1389,8953,1390
1390,8954,1391
1391,8955,1392
1392,8956,1393
1393,8957,1394
1394,8958,1395
1395,8959,1396
1396,8960,1397
1397,8961,1398
1398,8962,1399
1399,8963,1400
1400,8964,1401
1401,8965,1402
1402,8966,1403
1403,8967,1404
1404,8968,1405
1405,8969,1406
1406,8970,1407
1407,8971,1408
1408,8972,1409
1409,8973,1410
1410,8974,1411
1411,8975,1412
1412,8976,1413
1413,8977,1414
1414,8978,1415
1415,8979,1416
1416,8980,1417
1417,8981,1418
1418,8982,1419
1419,8983,1420
1420,8984,1421
1421,8985,1422
1422,8986,1423
1423,8987,1424
1424,8988,1425
1425,8989,1426
1426,8990,1427
1427,8991,1428
1428,8992,1429
1429,8993,1430
1430,8994,1431
1431,8995,1432
1432,8996,1433
1433,8997,1434
1434,8998,1435
1435,8999,1436
1436,9000,1437
1437,9001,1438
1438,9002,1439
1439,9003,1440
1440,9004,1441
1441,9005,1442
1442,9006,1443
1443,9007,1444
1444,9008,1445
1445,9009,1446
1446,9010,1447
1447,9011,1448
1448,9012,1449
1449,9013,1450
1450,9014,1451
1451,9015,1452
1452,9016,1453
1453,9017,1454
1454,9018,1455
1455,9019,1456
1456,9020,1457
1457,9021,1458
1458,9022,1459
1459,9023,1460
1460,9024,1461
1461,9025,1462
1462,9026,1463
1463,9027,1464
1464,9028,1465
1465,9029,1466
1466,9030,1467
1467,9031,1468
1468,9032,1469
1469,9033,1470
1470,9034,1471
1471,9035,1472
1472,9036,1473
1473,9037,1474
1474,9038,1475
1475,9039,1476
1476,9040,1477
1477,9041,1478
1478,9042,1479
1479,9043,1480
1480,9044,1481
1481,9045,1482
1482,9046,1483
1483,9047,1484
1484,9048,1485
1485,9049,1486
1486,9050,1487
1487,9051,1488
1488,9052,1489
1489,9053,1490
1490,9054,1491
1491,9055,1492
1492,9056,1493
1493,9057,1494
1494,9058,1495
1495,9059,1496
1496,9060,1497
1497,9061,1498
1498,9062,1499
1499,9063,1500
1500,9064,1501
1501,9065,1502
1502,9066,1503
1503,9067,1504
1504,9068,1505
1505,9069,1506
1506,9070,1507
1507,9071,1508
1508,9072,1509
1509,9073,1510
1510,9074,1511
1511,9075,1512
1512,9076,1513
1513,9077,1514
1514,9078,1515
1515,9079,1516
1516,9080,1517
1517,9081,1518
1518,9082,1519
1519,9083,1520
1520,9084,1521
1521,9085,1522
1522,9086,1523
1523,9087,1524
1524,9088,1525
1525,9089,1526
1526,9090,1527
1527,9091,1528
1528,9092,1529
1529,9093,1530
1530,9094,1531
1531,9095,1532
1532,9096,1533
1533,9097,1534
1534,9098,1535
1535,9099,1536
1536,9100,1537
1537,9101,1538
1538,9102,1539
1539,9103,1540
1540,9104,1541
1541,9105,1542
1542,9106,1543
1543,9107,1544
1544,9108,1545
1545,9109,1546
1546,9110,1547
1547,9111,1548
1548,9112,1549
1549,9113,1550
1550,9114,1551
1551,9115,1552
1552,9116,1553
1553,9117,1554
1554,9118,1555
1555,9119,1556
1556,9120,1557
1557,9121,1558
1558,9122,1559
1559,9123,1560
1560,9124,1561
1561,9125,1562
1562,9126,1563
1563,9127,1564
1564,9128,1565
1565,9129,1566
1566,9130,1567
1567,9131,1568
1568,9132,1569
1569,9133,1570
1570,9134,1571
1571,9135,1572
1572,9136,1573
1573,9137,1574
1574,9138,1575
1575,9139,1576
1576,9140,1577
1577,9141,1578
1578,9142,1579
1579,9143,1580
1580,9144,1581
1581,9145,1582
1582,9146,1583
1583,9147,1584
1584,9148,1585
1585,9149,1586
1586,9150,1587
1587,9151,1588
1588,9152,1589
1589,9153,1590
1590,9154,1591
1591,9155,1592
1592,9156,1593
1593,9157,1594
1594,9158,1595
1595,9159,1596
1596,9160,1597
1597,9161,1598
1598,9162,1599
1599,9163,1600
1600,9164,1601
1601,9165,1602
1602,9166,1603
1603,9167,1604
1604,9168,1605
1605,9169,1606
1606,9170,1607
1607,9171,1608
1608,9172,1609
1609,9173,1610
1610,9174,1611
1611,9175,1612
1612,9176,1613
1613,9177,1614
1614,9178,1615
1615,9179,1616
1616,9180,1617
1617,9181,1618
1618,9182,1619
1619,9183,1620
1620,9184,1621
1621,9185,1622
1622,9186,1623
1623,9187,1624
1624,9188,1625
1625,9189,1626
1626,9190,1627
1627,9191,1628
1628,9192,1629
1629,9193,1630
1630,9194,1631
1631,9195,1632
1632,9196,1633
1633,9197,1634
1634,9198,1635
1635,9199,1636
1636,9200,1637
1637,9201,1638
1638,9202,1639
1639,9203,1640
1640,9204,1641
1641,9205,1642
1642,9206,1643
1643,9207,1644
1644,9208,1645
1645,9209,1646
1646,9210,1647
1647,9211,1648
1648,9212,1649
1649,9213,1650
1650,9214,1651
1651,9215,1652
1652,9216,1653
1653,9217,1654
1654,9218,1655
1655,9219,1656
1656,9220,1657
1657,9221,1658
1658,9222,1659
1659,9223,1660
1660,9224,1661
1661,9225,1662
1662,9226,1663
1663,9227,1664
1664,9228,1665
1665,9229,1666
1666,9230,1667
1667,9231,1668
1668,9232,1669
1669,9233,1670
1670,9234,1671
1671,9235,1672
1672,9236,1673
1673,9237,1674
1674,9238,1675
1675,9239,1676
1676,9240,1677
1677,9241,1678
1678,9242,1679
1679,9243,1680
1680,9244,1681
1681,9245,1682
1682,9246,1683
1683,9247,1684
1684,9248,1685
1685,9249,1686
1686,9250,1687
1687,9251,1688
1688,9252,1689
1689,9253,1690
1690,9254,1691
1691,9255,1692
1692,9256,1693
1693,9257,1694
1694,9258,1695
1695,9259,1696
1696,9260,1697
1697,9261,1698
1698,9262,1699
1699,9263,1700
1700,9264,1701
1701,9265,1702
1702,9266,1703
1703,9267,1704
1704,9268,1705
1705,9269,1706
1706,9270,1707
1707,9271,1708
1708,9272,1709
1709,9273,1710
1710,9274,1711
1711,9275,1712
1712,9276,1713
1713,9277,1714
1714,9278,1715
1715,9279,1716
1716,9280,1717
1717,9281,1718
1718,9282,1719
1719,9283,1720
1720,9284,1721
1721,9285,1722
1722,9286,1723
1723,9287,1724
1724,9288,1725
1725,9289,1726
1726,9290,1727
1727,9291,1728
1728,9292,1729
1729,9293,1730
1730,9294,1731
1731,9295,1732
1732,9296,1733
1733,9297,1734
1734,9298,1735
1735,9299,1736
1736,9300,1737
1737,9301,1738
1738,9302,1739
1739,9303,1740
1740,9304,1741
1741,9305,1742
1742,9306,1743
1743,9307,1744
1744,9308,1745
1745,9309,1746
1746,9310,1747
1747,9311,1748
1748,9312,1749
1749,9313,1750
1750,9314,1751
1751,9315,1752
1752,9316,1753
1753,9317,1754
1754,9318,1755
1755,9319,1756
1756,9320,1757
1757,9321,1758
1758,9322,1759
1759,9323,1760
1760,9324,1761
1761,9325,1762
1762,9326,1763
1763,9327,1764
1764,9328,1765
1765,9329,1766
1766,9330,1767
1767,9331,1768
1768,9332,1769
1769,9333,1770
1770,9334,1771
1771,9335,1772
1772,9336,1773
1773,9337,1774
1774,9338,1775
1775,9339,1776
1776,9340,1777
1777,9341,1778
1778,9342,1779
1779,9343,1780
1780,9344,1781
1781,9345,1782
1782,9346,1783
1783,9347,1784
1784,9348,1785
1785,9349,1786
1786,9350,1787
1787,9351,1788
1788,9352,1789
1789,9353,1790
1790,9354,1791
1791,9355,1792
1792,9356,1793
1793,9357,1794
1794,9358,1795
1795,9359,1796
1796,9360,1797
1797,9361,1798
1798,9362,1799
1799,9363,1800
1800,9364,1801
1801,9365,1802
1802,9366,1803
1803,9367,1804
1804,9368,1805
1805,9369,1806
1806,9370,1807
1807,9371,1808
1808,9372,1809
1809,9373,1810
1810,9374,1811
1811,9375,1812
1812,9376,1813
1813,9377,1814
1814,9378,1815
1815,9379,1816
1816,9380,1817
1817,9381,1818
1818,9382,1819
1819,9383,1820
1820,9384,1821
1821,9385,1822
1822,9386,1823
1823,9387,1824
1824,9388,1825
1825,9389,1826
1826,9390,1827
1827,9391,1828
1828,9392,1829
1829,9393,1830
1830,9394,1831
1831,9395,1832
1832,9396,1833
1833,9397,1834
1834,9398,1835
1835,9399,1836
1836,9400,1837
1837,9401,1838
1838,9402,1839
1839,9403,1840
1840,9404,1841
1841,9405,1842
1842,9406,1843
1843,9407,1844
1844,9408,1845
1845,9409,1846
1846,9410,1847
1847,9411,1848
1848,9412,1849
1849,9413,1850
1850,9414,1851
1851,9415,1852
1852,9416,1853
1853,9417,1854
1854,9418,1855
1855,9419,1856
1856,9420,1857
1857,9421,1858
1858,9422,1859
1859,9423,1860
1860,9424,1861
1861,9425,1862
1862,9426,1863
1863,9427,1864
1864,9428,1865
1865,9429,1866
1866,9430,1867
1867,9431,1868
1868,9432,1869
1869,9433,1870
1870,9434,1871
1871,9435,1872
1872,9436,1873
1873,9437,1874
1874,9438,1875
1875,9439,1876
1876,9440,1877
1877,9441,1878
1878,9442,1879
1879,9443,1880
1880,9444,1881
1881,9445,1882
1882,9446,1883
1883,9447,1884
1884,9448,1885
1885,9449,1886
1886,9450,1887
1887,9451,1888
1888,9452,1889
1889,9453,1890
1890,9454,1891
1891,9455,1892
1892,9456,1893
1893,9457,1894
1894,9458,1895
1895,9459,1896
1896,9460,1897
1897,9461,1898
1898,9462,1899
1899,9463,1900
1900,9464,1901
1901,9465,1902
1902,9466,1903
1903,9467,1904
1904,9468,1905
1905,9469,1906
1906,9470,1907
1907,9471,1908
1908,9472,1909
1909,9473,1910
1910,9474,1911
1911,9475,1912
1912,9476,1913
1913,9477,1914
1914,9478,1915
1915,9479,1916
1916,9480,1917
1917,9481,1918
1918,9482,1919
1919,9483,1920
1920,9484,1921
1921,9485,1922
1922,9486,1923
1923,9487,1924
1924,9488,1925
1925,9489,1926
1926,9490,1927
1927,9491,1928
1928,9492,1929
1929,9493,1930
1930,9494,1931
1931,9495,1932
1932,9496,1933
1933,9497,1934
1934,9498,1935
1935,9499,1936
1936,9500,1937
1937,9501,1938
1938,9502,1939
1939,9503,1940
1940,9504,1941
1941,9505,1942
1942,9506,1943
1943,9507,1944
1944,9508,1945
1945,9509,1946
1946,9510,1947
1947,9511,1948
1948,9512,1949
1949,9513,1950
1950,9514,1951
1951,9515,1952
1952,9516,1953
1953,9517,1954
1954,9518,1955
1955,9519,1956
1956,9520,1957
1957,9521,1958
1958,9522,1959
1959,9523,1960
1960,9524,1961
1961,9525,1962
1962,9526,1963
1963,9527,1964
1964,9528,1965
1965,9529,1966
1966,9530,1967
1967,9531,1968
1968,9532,1969
1969,9533,1970
1970,9534,1971
1971,9535,1972
1972,9536,1973
1973,9537,1974
1974,9538,1975
1975,9539,1976
1976,9540,1977
1977,9541,1978
1978,9542,1979
1979,9543,1980
1980,9544,1981
1981,9545,1982
1982,9546,1983
1983,9547,1984
1984,9548,1985
1985,9549,1986
1986,9550,1987
1987,9551,1988
1988,9552,1989
1989,9553,1990
1990,9554,1991
1991,9555,1992
1992,9556,1993
1993,9557,1994
1994,9558,1995
1995,9559,1996
1996,9560,1997
1997,9561,1998
1998,9562,1999
1999,9563,2000
2000,9564,2001
2001,9565,2002
2002,9566,2003
2003,9567,2004
2004,9568,2005
2005,9569,2006
2006,9570,2007
2007,9571,2008
2008,9572,2009
2009,9573,2010
2010,9574,2011
2011,9575,2012
2012,9576,2013
2013,9577,2014
2014,9578,2015
2015,9579,2016
2016,9580,2017
2017,9581,2018
2018,9582,2019
2019,9583,2020
2020,9584,2021
2021,9585,2022
2022,9586,2023
2023,9587,2024
2024,9588,2025
2025,9589,2026
2026,9590,2027
2027,9591,2028
2028,9592,2029
2029,9593,2030
2030,9594,2031
2031,9595,2032
2032,9596,2033
2033,9597,2034
2034,9598,2035
2035,9599,2036
2036,9600,2037
2037,9601,2038
2038,9602,2039
2039,9603,2040
2040,9604,2041
2041,9605,2042
2042,9606,2043
2043,9607,2044
2044,9608,2045
2045,9609,2046
2046,9610,2047
2047,9611,2048
2048,9612,2049
2049,9613,2050
2050,9614,2051
2051,9615,2052
2052,9616,2053
2053,9617,2054
2054,9618,2055
2055,9619,2056
2056,9620,2057
2057,9621,2058
2058,9622,2059
2059,9623,2060
2060,9624,2061
2061,9625,2062
2062,9626,2063
2063,9627,2064
2064,9628,2065
2065,9629,2066
2066,9630,2067
2067,9631,2068
2068,9632,2069
2069,9633,2070
2070,9634,2071
2071,9635,2072
2072,9636,2073
2073,9637,2074
2074,9638,2075
2075,9639,2076
2076,9640,2077
2077,9641,2078
2078,9642,2079
2079,9643,2080
2080,9644,2081
2081,9645,2082
2082,9646,2083
2083,9647,2084
2084,9648,2085
2085,9649,2086
2086,9650,2087
2087,9651,2088
2088,9652,2089
2089,9653,2090
2090,9654,2091
2091,9655,2092
2092,9656,2093
2093,9657,2094
2094,9658,2095
2095,9659,2096
2096,9660,2097
2097,9661,2098
2098,9662,2099
2099,9663,2100
2100,9664,2101
2101,9665,2102
2102,9666,2103
2103,9667,2104
2104,9668,2105
2105,9669,2106
2106,9670,2107
2107,9671,2108
2108,9672,2109
2109,9673,2110
2110,9674,2111
2111,9675,2112
2112,9676,2113
2113,9677,2114
2114,9678,2115
2115,9679,2116
2116,9680,2117
2117,9681,2118
2118,9682,2119
2119,9683,2120
2120,9684,2121
2121,9685,2122
2122,9686,2123
2123,9687,2124
2124,9688,2125
2125,9689,2126
2126,9690,2127
2127,9691,2128
2128,9692,2129
2129,9693,2130
2130,9694,2131
2131,9695,2132
2132,9696,2133
2133,9697,2134
2134,9698,2135
2135,9699,2136
2136,9700,2137
2137,9701,2138
2138,9702,2139
2139,9703,2140
2140,9704,2141
2141,9705,2142
2142,9706,2143
2143,9707,2144
2144,9708,2145
2145,9709,2146
2146,9710,2147
2147,9711,2148
2148,9712,2149
2149,9713,2150
2150,9714,2151
2151,9715,2152
2152,9716,2153
2153,9717,2154
2154,9718,2155
2155,9719,2156
2156,9720,2157
2157,9721,2158
2158,9722,2159
2159,9723,2160
2160,9724,2161
2161,9725,2162
2162,9726,2163
2163,9727,2164
2164,9728,2165
2165,9729,2166
2166,9730,2167
2167,9731,2168
2168,9732,2169
2169,9733,2170
2170,9734,2171
2171,9735,2172
2172,9736,2173
2173,9737,2174
2174,9738,2175
2175,9739,2176
2176,9740,2177
2177,9741,2178
2178,9742,2179
2179,9743,2180
2180,9744,2181
2181,9745,2182
2182,9746,2183
2183,9747,2184
2184,9748,2185
2185,9749,2186
2186,9750,2187
2187,9751,2188
2188,9752,2189
2189,9753,2190
2190,9754,2191
2191,9755,2192
2192,9756,2193
2193,9757,2194
2194,9758,2195
2195,9759,2196
2196,9760,2197
2197,9761,2198
2198,9762,2199
2199,9763,2200
2200,9764,2201
2201,9765,2202
2202,9766,2203
2203,9767,2204
2204,9768,2205
2205,9769,2206
2206,9770,2207
2207,9771,2208
2208,9772,2209
2209,9773,2210
2210,9774,2211
2211,9775,2212
2212,9776,2213
2213,9777,2214
2214,9778,2215
2215,9779,2216
2216,9780,2217
2217,9781,2218
2218,9782,2219
2219,9783,2220
2220,9784,2221
2221,9785,2222
2222,9786,2223
2223,9787,2224
2224,9788,2225
2225,9789,2226
2226,9790,2227
2227,9791,2228
2228,9792,2229
2229,9793,2230
2230,9794,2231
2231,9795,2232
2232,9796,2233
2233,9797,2234
2234,9798,2235
2235,9799,2236
2236,9800,2237
2237,9801,2238
2238,9802,2239
2239,9803,2240
2240,9804,2241
2241,9805,2242
2242,9806,2243
2243,9807,2244
2244,9808,2245
2245,9809,2246
2246,9810,2247
2247,9811,2248
2248,9812,2249
2249,9813,2250
2250,9814,2251
2251,9815,2252
2252,9816,2253
2253,9817,2254
2254,9818,2255
2255,9819,2256
2256,9820,2257
2257,9821,2258
2258,9822,2259
2259,9823,2260
2260,9824,2261
2261,9825,2262
2262,9826,2263
2263,9827,2264
2264,9828,2265
2265,9829,2266
2266,9830,2267
2267,9831,2268
2268,9832,2269
2269,9833,2270
2270,9834,2271
2271,9835,2272
2272,9836,2273
2273,9837,2274
2274,9838,2275
2275,9839,2276
2276,9840,2277
2277,9841,2278
2278,9842,2279
2279,9843,2280
2280,9844,2281
2281,9845,2282
2282,9846,2283
2283,9847,2284
2284,9848,2285
2285,9849,2286
2286,9850,2287
2287,9851,2288
2288,9852,2289
2289,9853,2290
2290,9854,2291
2291,9855,2292
2292,9856,2293
2293,9857,2294
2294,9858,2295
2295,9859,2296
2296,9860,2297
2297,9861,2298
2298,9862,2299
2299,9863,2300
2300,9864,2301
2301,9865,2302
2302,9866,2303
2303,9867,2304
2304,9868,2305
2305,9869,2306
2306,9870,2307
2307,9871,2308
2308,9872,2309
2309,9873,2310
2310,9874,2311
2311,9875,2312
2312,9876,2313
2313,9877,2314
2314,9878,2315
2315,9879,2316
2316,9880,2317
2317,9881,2318
2318,9882,2319
2319,9883,2320
2320,9884,2321
2321,9885,2322
2322,9886,2323
2323,9887,2324
2324,9888,2325
2325,9889,2326
2326,9890,2327
2327,9891,2328
2328,9892,2329
2329,9893,2330
2330,9894,2331
2331,9895,2332
2332,9896,2333
2333,9897,2334
2334,9898,2335
2335,9899,2336
2336,9900,2337
2337,9901,2338
2338,9902,2339
2339,9903,2340
2340,9904,2341
2341,9905,2342
2342,9906,2343
2343,9907,2344
2344,9908,2345
2345,9909,2346
2346,9910,2347
2347,9911,2348
2348,9912,2349
2349,9913,2350
2350,9914,2351
2351,9915,2352
2352,9916,2353
2353,9917,2354
2354,9918,2355
2355,9919,2356
2356,9920,2357
2357,9921,2358
2358,9922,2359
2359,9923,2360
2360,9924,2361
2361,9925,2362
2362,9926,2363
2363,9927,2364
2364,9928,2365
2365,9929,2366
2366,9930,2367
2367,9931,2368
2368,9932,2369
2369,9933,2370
2370,9934,2371
2371,9935,2372
2372,9936,2373
2373,9937,2374
2374,9938,2375
2375,9939,2376
2376,9940,2377
2377,9941,2378
2378,9942,2379
2379,9943,2380
2380,9944,2381
2381,9945,2382
2382,9946,2383
2383,9947,2384
2384,9948,2385
2385,9949,2386
2386,9950,2387
2387,9951,2388
2388,9952,2389
2389,9953,2390
2390,9954,2391
2391,9955,2392
2392,9956,2393
2393,9957,2394
2394,9958,2395
2395,9959,2396
2396,9960,2397
2397,9961,2398
2398,9962,2399
2399,9963,2400
2400,9964,2401
2401,9965,2402
2402,9966,2403
2403,9967,2404
2404,9968,2405
2405,9969,2406
2406,9970,2407
2407,9971,2408
2408,9972,2409
2409,9973,2410
2410,9974,2411
2411,9975,2412
2412,9976,2413
2413,9977,2414
2414,9978,2415
2415,9979,2416
2416,9980,2417
2417,9981,2418
2418,9982,2419
2419,9983,2420
2420,9984,2421
2421,9985,2422
2422,9986,2423
2423,9987,2424
2424,9988,2425
2425,9989,2426
2426,9990,2427
2427,9991,2428
2428,9992,2429
2429,9993,2430
2430,9994,2431
2431,9995,2432
2432,9996,2433
2433,9997,2434
2434,9998,2435
2435,9999,2436
2436,10000,2437
2437,10001,2438
2438,10002,2439
2439,10003,2440
2440,10004,2441
2441,10005,2442
2442,10006,2443
2443,10007,2444
2444,10008,2445
2445,10009,2446
2446,10010,2447
2447,10011,2448
2448,10012,2449
2449,10013,2450
2450,10014,2451
2451,10015,2452
2452,10016,2453
2453,10017,2454
2454,10018,2455
2455,10019,2456
2456,10020,2457
2457,10021,2458
2458,10022,2459
2459,10023,2460
2460,10024,2461
2461,10025,2462
2462,10026,2463
2463,10027,2464
2464,10028,2465
2465,10029,2466
2466,10030,2467
2467,10031,2468
2468,10032,2469
2469,10033,2470
2470,10034,2471
2471,10035,2472
2472,10036,2473
2473,10037,2474
2474,10038,2475
2475,10039,2476
2476,10040,2477
2477,10041,2478
2478,10042,2479
2479,10043,2480
2480,10044,2481
2481,10045,2482
2482,10046,2483
2483,10047,2484
2484,10048,2485
2485,10049,2486
2486,10050,2487
2487,10051,2488
2488,10052,2489
2489,10053,2490
2490,10054,2491
2491,10055,2492
2492,10056,2493
2493,10057,2494
2494,10058,2495
2495,10059,2496
2496,10060,2497
2497,10061,2498
2498,10062,2499
2499,10063,2500
2500,10064,2501
2501,10065,2502
2502,10066,2503
2503,10067,2504
2504,10068,2505
2505,10069,2506
2506,10070,2507
2507,10071,2508
2508,10072,2509
2509,10073,2510
2510,10074,2511
2511,10075,2512
2512,10076,2513
2513,10077,2514
2514,10078,2515
2515,10079,2516
2516,10080,2517
2517,10081,2518
2518,10082,2519
2519,10083,2520
2520,10084,2521
2521,10085,2522
2522,10086,2523
2523,10087,2524
2524,10088,2525
2525,10089,2526
2526,10090,2527
2527,10091,2528
2528,10092,2529
2529,10093,2530
2530,10094,2531
2531,10095,2532
2532,10096,2533
2533,10097,2534
2534,10098,2535
2535,10099,2536
2536,10100,2537
2537,10101,2538
2538,10102,2539
2539,10103,2540
2540,10104,2541
2541,10105,2542
2542,10106,2543
2543,10107,2544
2544,10108,2545
2545,10109,2546
2546,10110,2547
2547,10111,2548
2548,10112,2549
2549,10113,2550
2550,10114,2551
2551,10115,2552
2552,10116,2553
2553,10117,2554
2554,10118,2555
2555,10119,2556
2556,10120,2557
2557,10121,2558
2558,10122,2559
2559,10123,2560
2560,10124,2561
2561,10125,2562
2562,10126,2563
2563,10127,2564
2564,10128,2565
2565,10129,2566
2566,10130,2567
2567,10131,2568
2568,10132,2569
2569,10133,2570
2570,10134,2571
2571,10135,2572
2572,10136,2573
2573,10137,2574
2574,10138,2575
2575,10139,2576
2576,10140,2577
2577,10141,2578
2578,10142,2579
2579,10143,2580
2580,10144,2581
2581,10145,2582
2582,10146,2583
2583,10147,2584
2584,10148,2585
2585,10149,2586
2586,10150,2587
2587,10151,2588
2588,10152,2589
2589,10153,2590
2590,10154,2591
2591,10155,2592
2592,10156,2593
2593,10157,2594
2594,10158,2595
2595,10159,2596
2596,10160,2597
2597,10161,2598
2598,10162,2599
2599,10163,2600
2600,10164,2601
2601,10165,2602
2602,10166,2603
2603,10167,2604
2604,10168,2605
2605,10169,2606
2606,10170,2607
2607,10171,2608
2608,10172,2609
2609,10173,2610
2610,10174,2611
2611,10175,2612
2612,10176,2613
2613,10177,2614
2614,10178,2615
2615,10179,2616
2616,10180,2617
2617,10181,2618
2618,10182,2619
2619,10183,2620
2620,10184,2621
2621,10185,2622
2622,10186,2623
2623,10187,2624
2624,10188,2625
2625,10189,2626
2626,10190,2627
2627,10191,2628
2628,10192,2629
2629,10193,2630
2630,10194,2631
2631,10195,2632
2632,10196,2633
2633,10197,2634
2634,10198,2635
2635,10199,2636
2636,10200,2637
2637,10201,2638
2638,10202,2639
2639,10203,2640
2640,10204,2641
2641,10205,2642
2642,10206,2643
2643,10207,2644
2644,10208,2645
2645,10209,2646
2646,10210,2647
2647,10211,2648
2648,10212,2649
2649,10213,2650
2650,10214,2651
2651,10215,2652
2652,10216,2653
2653,10217,2654
2654,10218,2655
2655,10219,2656
2656,10220,2657
2657,10221,2658
2658,10222,2659
2659,10223,2660
2660,10224,2661
2661,10225,2662
2662,10226,2663
2663,10227,2664
2664,10228,2665
2665,10229,2666
2666,10230,2667
2667,10231,2668
2668,10232,2669
2669,10233,2670
2670,10234,2671
2671,10235,2672
2672,10236,2673
2673,10237,2674
2674,10238,2675
2675,10239,2676
2676,10240,2677
2677,10241,2678
2678,10242,2679
2679,10243,2680
2680,10244,2681
2681,10245,2682
2682,10246,2683
2683,10247,2684
2684,10248,2685
2685,10249,2686
2686,10250,2687
2687,10251,2688
2688,10252,2689
2689,10253,2690
2690,10254,2691
2691,10255,2692
2692,10256,2693
2693,10257,2694
2694,10258,2695
2695,10259,2696
2696,10260,2697
2697,10261,2698
2698,10262,2699
2699,10263,2700
2700,10264,2701
2701,10265,2702
2702,10266,2703
2703,10267,2704
2704,10268,2705
2705,10269,2706
2706,10270,2707
2707,10271,2708
2708,10272,2709
2709,10273,2710
2710,10274,2711
2711,10275,2712
2712,10276,2713
2713,10277,2714
2714,10278,2715
2715,10279,2716
2716,10280,2717
2717,10281,2718
2718,10282,2719
2719,10283,2720
2720,10284,2721
2721,10285,2722
2722,10286,2723
2723,10287,2724
2724,10288,2725
2725,10289,2726
2726,10290,2727
2727,10291,2728
2728,10292,2729
2729,10293,2730
2730,10294,2731
2731,10295,2732
2732,10296,2733
2733,10297,2734
2734,10298,2735
2735,10299,2736
2736,10300,2737
2737,10301,2738
2738,10302,2739
2739,10303,2740
2740,10304,2741
2741,10305,2742
2742,10306,2743
2743,10307,2744
2744,10308,2745
2745,10309,2746
2746,10310,2747
2747,10311,2748
2748,10312,2749
2749,10313,2750
2750,10314,2751
2751,10315,2752
2752,10316,2753
2753,10317,2754
2754,10318,2755
2755,10319,2756
2756,10320,2757
2757,10321,2758
2758,10322,2759
2759,10323,2760
2760,10324,2761
2761,10325,2762
2762,10326,2763
2763,10327,2764
2764,10328,2765
2765,10329,2766
2766,10330,2767
2767,10331,2768
2768,10332,2769
2769,10333,2770
2770,10334,2771
2771,10335,2772
2772,10336,2773
2773,10337,2774
2774,10338,2775
2775,10339,2776
2776,10340,2777
2777,10341,2778
2778,10342,2779
2779,10343,2780
2780,10344,2781
2781,10345,2782
2782,10346,2783
2783,10347,2784
2784,10348,2785
2785,10349,2786
2786,10350,2787
2787,10351,2788
2788,10352,2789
2789,10353,2790
2790,10354,2791
2791,10355,2792
2792,10356,2793
2793,10357,2794
2794,10358,2795
2795,10359,2796
2796,10360,2797
2797,10361,2798
2798,10362,2799
2799,10363,2800
2800,10364,2801
2801,10365,2802
2802,10366,2803
2803,10367,2804
2804,10368,2805
2805,10369,2806
2806,10370,2807
2807,10371,2808
2808,10372,2809
2809,10373,2810
2810,10374,2811
2811,10375,2812
2812,10376,2813
2813,10377,2814
2814,10378,2815
2815,10379,2816
2816,10380,2817
2817,10381,2818
2818,10382,2819
2819,10383,2820
2820,10384,2821
2821,10385,2822
2822,10386,2823
2823,10387,2824
2824,10388,2825
2825,10389,2826
2826,10390,2827
2827,10391,2828
2828,10392,2829
2829,10393,2830
2830,10394,2831
2831,10395,2832
2832,10396,2833
2833,10397,2834
2834,10398,2835
2835,10399,2836
2836,10400,2837
2837,10401,2838
2838,10402,2839
2839,10403,2840
2840,10404,2841
2841,10405,2842
2842,10406,2843
2843,10407,2844
2844,10408,2845
2845,10409,2846
2846,10410,2847
2847,10411,2848
2848,10412,2849
2849,10413,2850
2850,10414,2851
2851,10415,2852
2852,10416,2853
2853,10417,2854
2854,10418,2855
2855,10419,2856
2856,10420,2857
2857,10421,2858
2858,10422,2859
2859,10423,2860
2860,10424,2861
2861,10425,2862
2862,10426,2863
2863,10427,2864
2864,10428,2865
2865,10429,2866
2866,10430,2867
2867,10431,2868
2868,10432,2869
2869,10433,2870
2870,10434,2871
2871,10435,2872
2872,10436,2873
2873,10437,2874
2874,10438,2875
2875,10439,2876
2876,10440,2877
2877,10441,2878
2878,10442,2879
2879,10443,2880
2880,10444,2881
2881,10445,2882
2882,10446,2883
2883,10447,2884
2884,10448,2885
2885,10449,2886
2886,10450,2887
2887,10451,2888
2888,10452,2889
2889,10453,2890
2890,10454,2891
2891,10455,2892
2892,10456,2893
2893,10457,2894
2894,10458,2895
2895,10459,2896
2896,10460,2897
2897,10461,2898
2898,10462,2899
2899,10463,2900
2900,10464,2901
2901,10465,2902
2902,10466,2903
2903,10467,2904
2904,10468,2905
2905,10469,2906
2906,10470,2907
2907,10471,2908
2908,10472,2909
2909,10473,2910
2910,10474,2911
2911,10475,2912
2912,10476,2913
2913,10477,2914
2914,10478,2915
2915,10479,2916
2916,10480,2917
2917,10481,2918
2918,10482,2919
2919,10483,2920
2920,10484,2921
2921,10485,2922
2922,10486,2923
2923,10487,2924
2924,10488,2925
2925,10489,2926
2926,10490,2927
2927,10491,2928
2928,10492,2929
2929,10493,2930
2930,10494,2931
2931,10495,2932
2932,10496,2933
2933,10497,2934
2934,10498,2935
2935,10499,2936
2936,10500,2937
2937,10501,2938
2938,10502,2939
2939,10503,2940
2940,10504,2941
2941,10505,2942
2942,10506,2943
2943,10507,2944
2944,10508,2945
2945,10509,2946
2946,10510,2947
2947,10511,2948
2948,10512,2949
2949,10513,2950
2950,10514,2951
2951,10515,2952
2952,10516,2953
2953,10517,2954
2954,10518,2955
2955,10519,2956
2956,10520,2957
2957,10521,2958
2958,10522,2959
2959,10523,2960
2960,10524,2961
2961,10525,2962
2962,10526,2963
2963,10527,2964
2964,10528,2965
2965,10529,2966
2966,10530,2967
2967,10531,2968
2968,10532,2969
2969,10533,2970
2970,10534,2971
2971,10535,2972
2972,10536,2973
2973,10537,2974
2974,10538,2975
2975,10539,2976
2976,10540,2977
2977,10541,2978
2978,10542,2979
2979,10543,2980
2980,10544,2981
2981,10545,2982
2982,10546,2983
2983,10547,2984
2984,10548,2985
2985,10549,2986
2986,10550,2987
2987,10551,2988
2988,10552,2989
2989,10553,2990
2990,10554,2991
2991,10555,2992
2992,10556,2993
2993,10557,2994
2994,10558,2995
2995,10559,2996
2996,10560,2997
2997,10561,2998
2998,10562,2999
2999,10563,3000
3000,10564,3001
3001,10565,3002
3002,10566,3003
3003,10567,3004
3004,10568,3005
3005,10569,3006
3006,10570,3007
3007,10571,3008
3008,10572,3009
3009,10573,3010
3010,10574,3011
3011,10575,3012
3012,10576,3013
3013,10577,3014
3014,10578,3015
3015,10579,3016
3016,10580,3017
3017,10581,3018
3018,10582,3019
3019,10583,3020
3020,10584,3021
3021,10585,3022
3022,10586,3023
3023,10587,3024
3024,10588,3025
3025,10589,3026
3026,10590,3027
3027,10591,3028
3028,10592,3029
3029,10593,3030
3030,10594,3031
3031,10595,3032
3032,10596,3033
3033,10597,3034
3034,10598,3035
3035,10599,3036
3036,10600,3037
3037,10601,3038
3038,10602,3039
3039,10603,3040
3040,10604,3041
3041,10605,3042
3042,10606,3043
3043,10607,3044
3044,10608,3045
3045,10609,3046
3046,10610,3047
3047,10611,3048
3048,10612,3049
3049,10613,3050
3050,10614,3051
3051,10615,3052
3052,10616,3053
3053,10617,3054
3054,10618,3055
3055,10619,3056
3056,10620,3057
3057,10621,3058
3058,10622,3059
3059,10623,3060
3060,10624,3061
3061,10625,3062
3062,10626,3063
3063,10627,3064
3064,10628,3065
3065,10629,3066
3066,10630,3067
3067,10631,3068
3068,10632,3069
3069,10633,3070
3070,10634,3071
3071,10635,3072
3072,10636,3073
3073,10637,3074
3074,10638,3075
3075,10639,3076
3076,10640,3077
3077,10641,3078
3078,10642,3079
3079,10643,3080
3080,10644,3081
3081,10645,3082
3082,10646,3083
3083,10647,3084
3084,10648,3085
3085,10649,3086
3086,10650,3087
3087,10651,3088
3088,10652,3089
3089,10653,3090
3090,10654,3091
3091,10655,3092
3092,10656,3093
3093,10657,3094
3094,10658,3095
3095,10659,3096
3096,10660,3097
3097,10661,3098
3098,10662,3099
3099,10663,3100
3100,10664,3101
3101,10665,3102
3102,10666,3103
3103,10667,3104
3104,10668,3105
3105,10669,3106
3106,10670,3107
3107,10671,3108
3108,10672,3109
3109,10673,3110
3110,10674,3111
3111,10675,3112
3112,10676,3113
3113,10677,3114
3114,10678,3115
3115,10679,3116
3116,10680,3117
3117,10681,3118
3118,10682,3119
3119,10683,3120
3120,10684,3121
3121,10685,3122
3122,10686,3123
3123,10687,3124
3124,10688,3125
3125,10689,3126
3126,10690,3127
3127,10691,3128
3128,10692,3129
3129,10693,3130
3130,10694,3131
3131,10695,3132
3132,10696,3133
3133,10697,3134
3134,10698,3135
3135,10699,3136
3136,10700,3137
3137,10701,3138
3138,10702,3139
3139,10703,3140
3140,10704,3141
3141,10705,3142
3142,10706,3143
3143,10707,3144
3144,10708,3145
3145,10709,3146
3146,10710,3147
3147,10711,3148
3148,10712,3149
3149,10713,3150
3150,10714,3151
3151,10715,3152
3152,10716,3153
3153,10717,3154
3154,10718,3155
3155,10719,3156
3156,10720,3157
3157,10721,3158
3158,10722,3159
3159,10723,3160
3160,10724,3161
3161,10725,3162
3162,10726,3163
3163,10727,3164
3164,10728,3165
3165,10729,3166
3166,10730,3167
3167,10731,3168
3168,10732,3169
3169,10733,3170
3170,10734,3171
3171,10735,3172
3172,10736,3173
3173,10737,3174
3174,10738,3175
3175,10739,3176
3176,10740,3177
3177,10741,3178
3178,10742,3179
3179,10743,3180
3180,10744,3181
3181,10745,3182
3182,10746,3183
3183,10747,3184
3184,10748,3185
3185,10749,3186
3186,10750,3187
3187,10751,3188
3188,10752,3189
3189,10753,3190
3190,10754,3191
3191,10755,3192
3192,10756,3193
3193,10757,3194
3194,10758,3195
3195,10759,3196
3196,10760,3197
3197,10761,3198
3198,10762,3199
3199,10763,3200
3200,10764,3201
3201,10765,3202
3202,10766,3203
3203,10767,3204
3204,10768,3205
3205,10769,3206
3206,10770,3207
3207,10771,3208
3208,10772,3209
3209,10773,3210
3210,10774,3211
3211,10775,3212
3212,10776,3213
3213,10777,3214
3214,10778,3215
3215,10779,3216
3216,10780,3217
3217,10781,3218
3218,10782,3219
3219,10783,3220
3220,10784,3221
3221,10785,3222
3222,10786,3223
3223,10787,3224
3224,10788,3225
3225,10789,3226
3226,10790,3227
3227,10791,3228
3228,10792,3229
3229,10793,3230
3230,10794,3231
3231,10795,3232
3232,10796,3233
3233,10797,3234
3234,10798,3235
3235,10799,3236
3236,10800,3237
3237,10801,3238
3238,10802,3239
3239,10803,3240
3240,10804,3241
3241,10805,3242
3242,10806,3243
3243,10807,3244
3244,10808,3245
3245,10809,3246
3246,10810,3247
3247,10811,3248
3248,10812,3249
3249,10813,3250
3250,10814,3251
3251,10815,3252
3252,10816,3253
3253,10817,3254
3254,10818,3255
3255,10819,3256
3256,10820,3257
3257,10821,3258
3258,10822,3259
3259,10823,3260
3260,10824,3261
3261,10825,3262
3262,10826,3263
3263,10827,3264
3264,10828,3265
3265,10829,3266
3266,10830,3267
3267,10831,3268
3268,10832,3269
3269,10833,3270
3270,10834,3271
3271,10835,3272
3272,10836,3273
3273,10837,3274
3274,10838,3275
3275,10839,3276
3276,10840,3277
3277,10841,3278
3278,10842,3279
3279,10843,3280
3280,10844,3281
3281,10845,3282
3282,10846,3283
3283,10847,3284
3284,10848,3285
3285,10849,3286
3286,10850,3287
3287,10851,3288
3288,10852,3289
3289,10853,3290
3290,10854,3291
3291,10855,3292
3292,10856,3293
3293,10857,3294
3294,10858,3295
3295,10859,3296
3296,10860,3297
3297,10861,3298
3298,10862,3299
3299,10863,3300
3300,10864,3301
3301,10865,3302
3302,10866,3303
3303,10867,3304
3304,10868,3305
3305,10869,3306
3306,10870,3307
3307,10871,3308
3308,10872,3309
3309,10873,3310
3310,10874,3311
3311,10875,3312
3312,10876,3313
3313,10877,3314
3314,10878,3315
3315,10879,3316
3316,10880,3317
3317,10881,3318
3318,10882,3319
3319,10883,3320
3320,10884,3321
3321,10885,3322
3322,10886,3323
3323,10887,3324
3324,10888,3325
3325,10889,3326
3326,10890,3327
3327,10891,3328
3328,10892,3329
3329,10893,3330
3330,10894,3331
3331,10895,3332
3332,10896,3333
3333,10897,3334
3334,10898,3335
3335,10899,3336
3336,10900,3337
3337,10901,3338
3338,10902,3339
3339,10903,3340
3340,10904,3341
3341,10905,3342
3342,10906,3343
3343,10907,3344
3344,10908,3345
3345,10909,3346
3346,10910,3347
3347,10911,3348
3348,10912,3349
3349,10913,3350
3350,10914,3351
3351,10915,3352
3352,10916,3353
3353,10917,3354
3354,10918,3355
3355,10919,3356
3356,10920,3357
3357,10921,3358
3358,10922,3359
3359,10923,3360
3360,10924,3361
3361,10925,3362
3362,10926,3363
3363,10927,3364
3364,10928,3365
3365,10929,3366
3366,10930,3367
3367,10931,3368
3368,10932,3369
3369,10933,3370
3370,10934,3371
3371,10935,3372
3372,10936,3373
3373,10937,3374
3374,10938,3375
3375,10939,3376
3376,10940,3377
3377,10941,3378
3378,10942,3379
3379,10943,3380
3380,10944,3381
3381,10945,3382
3382,10946,3383
3383,10947,3384
3384,10948,3385
3385,10949,3386
3386,10950,3387
3387,10951,3388
3388,10952,3389
3389,10953,3390
3390,10954,3391
3391,10955,3392
3392,10956,3393
3393,10957,3394
3394,10958,3395
3395,10959,3396
3396,10960,3397
3397,10961,3398
3398,10962,3399
3399,10963,3400
3400,10964,3401
3401,10965,3402
3402,10966,3403
3403,10967,3404
3404,10968,3405
3405,10969,3406
3406,10970,3407
3407,10971,3408
3408,10972,3409
3409,10973,3410
3410,10974,3411
3411,10975,3412
3412,10976,3413
3413,10977,3414
3414,10978,3415
3415,10979,3416
3416,10980,3417
3417,10981,3418
3418,10982,3419
3419,10983,3420
3420,10984,3421
3421,10985,3422
3422,10986,3423
3423,10987,3424
3424,10988,3425
3425,10989,3426
3426,10990,3427
3427,10991,3428
3428,10992,3429
3429,10993,3430
3430,10994,3431
3431,10995,3432
3432,10996,3433
3433,10997,3434
3434,10998,3435
3435,10999,3436
3436,11000,3437
3437,11001,3438
3438,11002,3439
3439,11003,3440
3440,11004,3441
3441,11005,3442
3442,11006,3443
3443,11007,3444
3444,11008,3445
3445,11009,3446
3446,11010,3447
3447,11011,3448
3448,11012,3449
3449,11013,3450
3450,11014,3451
3451,11015,3452
3452,11016,3453
3453,11017,3454
3454,11018,3455
3455,11019,3456
3456,11020,3457
3457,11021,3458
3458,11022,3459
3459,11023,3460
3460,11024,3461
3461,11025,3462
3462,11026,3463
3463,11027,3464
3464,11028,3465
3465,11029,3466
3466,11030,3467
3467,11031,3468
3468,11032,3469
3469,11033,3470
3470,11034,3471
3471,11035,3472
3472,11036,3473
3473,11037,3474
3474,11038,3475
3475,11039,3476
3476,11040,3477
3477,11041,3478
3478,11042,3479
3479,11043,3480
3480,11044,3481
3481,11045,3482
3482,11046,3483
3483,11047,3484
3484,11048,3485
3485,11049,3486
3486,11050,3487
3487,11051,3488
3488,11052,3489
3489,11053,3490
3490,11054,3491
3491,11055,3492
3492,11056,3493
3493,11057,3494
3494,11058,3495
3495,11059,3496
3496,11060,3497
3497,11061,3498
3498,11062,3499
3499,11063,3500
3500,11064,3501
3501,11065,3502
3502,11066,3503
3503,11067,3504
3504,11068,3505
3505,11069,3506
3506,11070,3507
3507,11071,3508
3508,11072,3509
3509,11073,3510
3510,11074,3511
3511,11075,3512
3512,11076,3513
3513,11077,3514
3514,11078,3515
3515,11079,3516
3516,11080,3517
3517,11081,3518
3518,11082,3519
3519,11083,3520
3520,11084,3521
3521,11085,3522
3522,11086,3523
3523,11087,3524
3524,11088,3525
3525,11089,3526
3526,11090,3527
3527,11091,3528
3528,11092,3529
3529,11093,3530
3530,11094,3531
3531,11095,3532
3532,11096,3533
3533,11097,3534
3534,11098,3535
3535,11099,3536
3536,11100,3537
3537,11101,3538
3538,11102,3539
3539,11103,3540
3540,11104,3541
3541,11105,3542
3542,11106,3543
3543,11107,3544
3544,11108,3545
3545,11109,3546
3546,11110,3547
3547,11111,3548
3548,11112,3549
3549,11113,3550
3550,11114,3551
3551,11115,3552
3552,11116,3553
3553,11117,3554
3554,11118,3555
3555,11119,3556
3556,11120,3557
3557,11121,3558
3558,11122,3559
3559,11123,3560
3560,11124,3561
3561,11125,3562
3562,11126,3563
3563,11127,3564
3564,11128,3565
3565,11129,3566
3566,11130,3567
3567,11131,3568
3568,11132,3569
3569,11133,3570
3570,11134,3571
3571,11135,3572
3572,11136,3573
3573,11137,3574
3574,11138,3575
3575,11139,3576
3576,11140,3577
3577,11141,3578
3578,11142,3579
3579,11143,3580
3580,11144,3581
3581,11145,3582
3582,11146,3583
3583,11147,3584
3584,11148,3585
3585,11149,3586
3586,11150,3587
3587,11151,3588
3588,11152,3589
3589,11153,3590
3590,11154,3591
3591,11155,3592
3592,11156,3593
3593,11157,3594
3594,11158,3595
3595,11159,3596
3596,11160,3597
3597,11161,3598
3598,11162,3599
3599,11163,3600
3600,11164,3601
3601,11165,3602
3602,11166,3603
3603,11167,3604
3604,11168,3605
3605,11169,3606
3606,11170,3607
3607,11171,3608
3608,11172,3609
3609,11173,3610
3610,11174,3611
3611,11175,3612
3612,11176,3613
3613,11177,3614
3614,11178,3615
3615,11179,3616
3616,11180,3617
3617,11181,3618
3618,11182,3619
3619,11183,3620
3620,11184,3621
3621,11185,3622
3622,11186,3623
3623,11187,3624
3624,11188,3625
3625,11189,3626
3626,11190,3627
3627,11191,3628
3628,11192,3629
3629,11193,3630
3630,11194,3631
3631,11195,3632
3632,11196,3633
3633,11197,3634
3634,11198,3635
3635,11199,3636
3636,11200,3637
3637,11201,3638
3638,11202,3639
3639,11203,3640
3640,11204,3641
3641,11205,3642
3642,11206,3643
3643,11207,3644
3644,11208,3645
3645,11209,3646
3646,11210,3647
3647,11211,3648
3648,11212,3649
3649,11213,3650
3650,11214,3651
3651,11215,3652
3652,11216,3653
3653,11217,3654
3654,11218,3655
3655,11219,3656
3656,11220,3657
3657,11221,3658
3658,11222,3659
3659,11223,3660
3660,11224,3661
3661,11225,3662
3662,11226,3663
3663,11227,3664
3664,11228,3665
3665,11229,3666
3666,11230,3667
3667,11231,3668
3668,11232,3669
3669,11233,3670
3670,11234,3671
3671,11235,3672
3672,11236,3673
3673,11237,3674
3674,11238,3675
3675,11239,3676
3676,11240,3677
3677,11241,3678
3678,11242,3679
3679,11243,3680
3680,11244,3681
3681,11245,3682
3682,11246,3683
3683,11247,3684
3684,11248,3685
3685,11249,3686
3686,11250,3687
3687,11251,3688
3688,11252,3689
3689,11253,3690
3690,11254,3691
3691,11255,3692
3692,11256,3693
3693,11257,3694
3694,11258,3695
3695,11259,3696
3696,11260,3697
3697,11261,3698
3698,11262,3699
3699,11263,3700
3700,11264,3701
3701,11265,3702
3702,11266,3703
3703,11267,3704
3704,11268,3705
3705,11269,3706
3706,11270,3707
3707,11271,3708
3708,11272,3709
3709,11273,3710
3710,11274,3711
3711,11275,3712
3712,11276,3713
3713,11277,3714
3714,11278,3715
3715,11279,3716
3716,11280,3717
3717,11281,3718
3718,11282,3719
3719,11283,3720
3720,11284,3721
3721,11285,3722
3722,11286,3723
3723,11287,3724
3724,11288,3725
3725,11289,3726
3726,11290,3727
3727,11291,3728
3728,11292,3729
3729,11293,3730
3730,11294,3731
3731,11295,3732
3732,11296,3733
3733,11297,3734
3734,11298,3735
3735,11299,3736
3736,11300,3737
3737,11301,3738
3738,11302,3739
3739,11303,3740
3740,11304,3741
3741,11305,3742
3742,11306,3743
3743,11307,3744
3744,11308,3745
3745,11309,3746
3746,11310,3747
3747,11311,3748
3748,11312,3749
3749,11313,3750
3750,11314,3751
3751,11315,3752
3752,11316,3753
3753,11317,3754
3754,11318,3755
3755,11319,3756
3756,11320,3757
3757,11321,3758
3758,11322,3759
3759,11323,3760
3760,11324,3761
3761,11325,3762
3762,11326,3763
3763,11327,3764
3764,11328,3765
3765,11329,3766
3766,11330,3767
3767,11331,3768
3768,11332,3769
3769,11333,3770
3770,11334,3771
3771,11335,3772
3772,11336,3773
3773,11337,3774
3774,11338,3775
3775,11339,3776
3776,11340,3777
3777,11341,3778
3778,11342,3779
3779,11343,3780
3780,11344,3781
3781,11345,3782
3782,11346,3783
3783,11347,3784
3784,11348,3785
3785,11349,3786
3786,11350,3787
3787,11351,3788
3788,11352,3789
3789,11353,3790
3790,11354,3791
3791,11355,3792
3792,11356,3793
3793,11357,3794
3794,11358,3795
3795,11359,3796
3796,11360,3797
3797,11361,3798
3798,11362,3799
3799,11363,3800
3800,11364,3801
3801,11365,3802
3802,11366,3803
3803,11367,3804
3804,11368,3805
3805,11369,3806
3806,11370,3807
3807,11371,3808
3808,11372,3809
3809,11373,3810
3810,11374,3811
3811,11375,3812
3812,11376,3813
3813,11377,3814
3814,11378,3815
3815,11379,3816
3816,11380,3817
3817,11381,3818
3818,11382,3819
3819,11383,3820
3820,11384,3821
3821,11385,3822
3822,11386,3823
3823,11387,3824
3824,11388,3825
3825,11389,3826
3826,11390,3827
3827,11391,3828
3828,11392,3829
3829,11393,3830
3830,11394,3831
3831,11395,3832
3832,11396,3833
3833,11397,3834
3834,11398,3835
3835,11399,3836
3836,11400,3837
3837,11401,3838
3838,11402,3839
3839,11403,3840
3840,11404,3841
3841,11405,3842
3842,11406,3843
3843,11407,3844
3844,11408,3845
3845,11409,3846
3846,11410,3847
3847,11411,3848
3848,11412,3849
3849,11413,3850
3850,11414,3851
3851,11415,3852
3852,11416,3853
3853,11417,3854
3854,11418,3855
3855,11419,3856
3856,11420,3857
3857,11421,3858
3858,11422,3859
3859,11423,3860
3860,11424,3861
3861,11425,3862
3862,11426,3863
3863,11427,3864
3864,11428,3865
3865,11429,3866
3866,11430,3867
3867,11431,3868
3868,11432,3869
3869,11433,3870
3870,11434,3871
3871,11435,3872
3872,11436,3873
3873,11437,3874
3874,11438,3875
3875,11439,3876
3876,11440,3877
3877,11441,3878
3878,11442,3879
3879,11443,3880
3880,11444,3881
3881,11445,3882
3882,11446,3883
3883,11447,3884
3884,11448,3885
3885,11449,3886
3886,11450,3887
3887,11451,3888
3888,11452,3889
3889,11453,3890
3890,11454,3891
3891,11455,3892
3892,11456,3893
3893,11457,3894
3894,11458,3895
3895,11459,3896
3896,11460,3897
3897,11461,3898
3898,11462,3899
3899,11463,3900
3900,11464,3901
3901,11465,3902
3902,11466,3903
3903,11467,3904
3904,11468,3905
3905,11469,3906
3906,11470,3907
3907,11471,3908
3908,11472,3909
3909,11473,3910
3910,11474,3911
3911,11475,3912
3912,11476,3913
3913,11477,3914
3914,11478,3915
3915,11479,3916
3916,11480,3917
3917,11481,3918
3918,11482,3919
3919,11483,3920
3920,11484,3921
3921,11485,3922
3922,11486,3923
3923,11487,3924
3924,11488,3925
3925,11489,3926
3926,11490,3927
3927,11491,3928
3928,11492,3929
3929,11493,3930
3930,11494,3931
3931,11495,3932
3932,11496,3933
3933,11497,3934
3934,11498,3935
3935,11499,3936
3936,11500,3937
3937,11501,3938
3938,11502,3939
3939,11503,3940
3940,11504,3941
3941,11505,3942
3942,11506,3943
3943,11507,3944
3944,11508,3945
3945,11509,3946
3946,11510,3947
3947,11511,3948
3948,11512,3949
3949,11513,3950
3950,11514,3951
3951,11515,3952
3952,11516,3953
3953,11517,3954
3954,11518,3955
3955,11519,3956
